-- phpMyAdmin SQL Dump
-- version 5.2.3
-- https://www.phpmyadmin.net/
--
-- Servidor: ven911_db
-- Tiempo de generación: 27-05-2026 a las 14:47:45
-- Versión del servidor: 10.11.16-MariaDB-ubu2204
-- Versión de PHP: 8.3.31

SET SQL_MODE = "NO_AUTO_VALUE_ON_ZERO";
START TRANSACTION;
SET time_zone = "+00:00";


/*!40101 SET @OLD_CHARACTER_SET_CLIENT=@@CHARACTER_SET_CLIENT */;
/*!40101 SET @OLD_CHARACTER_SET_RESULTS=@@CHARACTER_SET_RESULTS */;
/*!40101 SET @OLD_COLLATION_CONNECTION=@@COLLATION_CONNECTION */;
/*!40101 SET NAMES utf8mb4 */;

--
-- Base de datos: `ficha_ven_911`
--

-- --------------------------------------------------------

--
-- Estructura de tabla para la tabla `casos`
--

CREATE TABLE `casos` (
  `id` int(10) UNSIGNED NOT NULL,
  `tipo_emergencia_id` int(10) UNSIGNED NOT NULL,
  `nombre_caso` varchar(150) NOT NULL,
  `descripcion` varchar(255) NOT NULL,
  `estado` tinyint(1) DEFAULT 1
) ENGINE=InnoDB DEFAULT CHARSET=utf8mb4 COLLATE=utf8mb4_general_ci;

--
-- Volcado de datos para la tabla `casos`
--

INSERT INTO `casos` (`id`, `tipo_emergencia_id`, `nombre_caso`, `descripcion`, `estado`) VALUES
(1, 1, 'ABIGEATO', '', 1),
(2, 1, 'ABUSO DE AUTORIDAD', '', 1),
(3, 1, 'ABUSO SEXUAL A MENOR', '', 1),
(4, 1, 'ACTOS LACIVOS', '', 1),
(5, 1, 'ALARMA BANCARIA ACTIVADA', '', 1),
(6, 1, 'ALARMA DE ARTEFACTO EXPLOSIVO', '', 1),
(7, 1, 'ALARMA INFUNDADA', '', 1),
(8, 1, 'ALLANAMIENTO', '', 1),
(9, 1, 'ALTERACION DEL ORDEN PÚBLICO', '', 1),
(10, 1, 'AMENAZA DE MUERTE', '', 1),
(11, 1, 'CIBERACOSO', '', 1),
(12, 1, 'COMERCIO ILEGAL', '', 1),
(13, 1, 'DESALOJO', '', 1),
(14, 1, 'DISPOSITIVO DE SEGURIDAD', '', 1),
(15, 1, 'ENFRENTAMIENTO', '', 1),
(16, 1, 'ESTAFA BANCARIA', '', 1),
(17, 1, 'ESTAFA DIGITAL', '', 1),
(18, 1, 'ESTAMPIDAS', '', 1),
(19, 1, 'EXTORSIÓN', '', 1),
(20, 1, 'FALSA ALARMA', '', 1),
(21, 1, 'FEMINICIDIO', '', 1),
(22, 1, 'HALLAZGO DE CADAVER', '', 1),
(23, 1, 'HALLAZGO DE FETO', '', 1),
(24, 1, 'HALLAZGO DE OSAMENTA', '', 1),
(25, 1, 'HOMICIDIO', '', 1),
(26, 1, 'HURTO A CAJERO AUTOMATICO', '', 1),
(27, 1, 'HURTO A COMERCIO', '', 1),
(28, 1, 'HURTO A INSTITUCION EDUCATIVA', '', 1),
(29, 1, 'HURTO A INSTITUCION PÚBLICA', '', 1),
(30, 1, 'HURTO A PERSONA', '', 1),
(31, 1, 'HURTO A RESIDENCIA', '', 1),
(32, 1, 'HURTO DE VEHÍCULO', '', 1),
(33, 1, 'HURTO DE VEHÍCULO EN TIEMPO REAL', '', 1),
(34, 1, 'HURTO GENÉRICO', '', 1),
(35, 1, 'HURTO INDUSTRIAL', '', 1),
(36, 1, 'INFANTICIDIO', '', 1),
(37, 1, 'INSP  ESTABLECIMIENTOS POR  PIROTECNIA', '', 1),
(38, 1, 'INSPECCION A PERSONA FALLECIDA', '', 1),
(39, 1, 'INTENTO DE ROBO', '', 1),
(40, 1, 'INVASION A PROPIEDAD PRIVADAD', '', 1),
(41, 1, 'INVASIÓN', '', 1),
(42, 1, 'INVESTIGACION DE SERVICIOS', '', 1),
(43, 1, 'LESIONES PERSONALES', '', 1),
(44, 1, 'LINCHAMIENTO', '', 1),
(45, 1, 'MALTRATO ANIMAL', '', 1),
(46, 1, 'MALTRATO INFANTIL', '', 1),
(47, 1, 'MANIFESTACIÓN', '', 1),
(48, 1, 'MENOR ABANDONADO', '', 1),
(49, 1, 'MENOR EXTRAVIADO', '', 1),
(50, 1, 'MENOR FALLECIDO', '', 1),
(51, 1, 'MICROTRAFICO DE DROGAS', '', 1),
(52, 1, 'MOTÍN', '', 1),
(53, 1, 'OTROS SERVICIOS NO SEÑALADOS', '', 1),
(54, 1, 'PATRICIDIO', '', 1),
(55, 1, 'PERSONA AGRESIVA', '', 1),
(56, 1, 'PERSONA DESAPARECIDA', '', 1),
(57, 1, 'PERSONA SOLICITADA', '', 1),
(58, 1, 'PERSONA SOSPECHOSA', '', 1),
(59, 1, 'PRUEBA DE ALARMA BANCARIA', '', 1),
(60, 1, 'RESISTENCIA A LA AUTORIDAD', '', 1),
(61, 1, 'RETENCION DE PIROTECNICOS', '', 1),
(62, 1, 'RIÑA', '', 1),
(63, 1, 'ROBO A CAJERO AUTOMATICO', '', 1),
(64, 1, 'ROBO A CENTRO HOSPITALARIO', '', 1),
(65, 1, 'ROBO A COMERCIO', '', 1),
(66, 1, 'ROBO A CONSTRUCCION', '', 1),
(67, 1, 'ROBO A INSTITUCIÓN EDUCATIVA', '', 1),
(68, 1, 'ROBO A INSTITUCIÓN PÚBLICA', '', 1),
(69, 1, 'ROBO A PERSONA', '', 1),
(70, 1, 'ROBO A RESIDENCIA', '', 1),
(71, 1, 'ROBO A TRANSPORTE PÚBLICO', '', 1),
(72, 1, 'ROBO BANCARIO', '', 1),
(73, 1, 'ROBO DE CABLEADO ELÉCTRICO', '', 1),
(74, 1, 'ROBO DE VEHÍCULO', '', 1),
(75, 1, 'ROBO GENERICO', '', 1),
(76, 1, 'ROBO INDUSTRIAL', '', 1),
(77, 1, 'SAQUEO', '', 1),
(78, 1, 'SECUESTRO', '', 1),
(79, 1, 'SITUACION DE REHEN', '', 1),
(80, 1, 'SUICIDIO', '', 1),
(81, 1, 'VANDALISMO', '', 1),
(82, 1, 'VEHÍCULO ABANDONADO', '', 1),
(83, 1, 'VEHÍCULO SOSPECHOSO', '', 1),
(84, 1, 'VENTA DE JUEGO PIROTECNICO', '', 1),
(85, 1, 'VENTA DE SUSTANCIA PSICOTROPICAS', '', 1),
(86, 1, 'VIOLENCIA DE GÉNERO', '', 1),
(87, 1, 'VIOLENCIA FAMILIAR', '', 1),
(88, 2, 'ACCIDENTE AEREO', '', 1),
(89, 2, 'ACCIDENTE DE TRANSITO CON FALLECIDO', '', 1),
(90, 2, 'ACCIDENTE DE TRANSITO CON LESIONADO', '', 1),
(91, 2, 'ACCIDENTE DE TRANSITO SIMPLE', '', 1),
(92, 2, 'ACCIDENTE LABORAL', '', 1),
(93, 2, 'ACHICAMIENTO', '', 1),
(94, 2, 'ALTA MEDICA', '', 1),
(95, 2, 'ARROLLAMIENTO', '', 1),
(96, 2, 'ATENCION PREHOSPITALARIA', '', 1),
(97, 2, 'COLISION DE MOTOS', '', 1),
(98, 2, 'COLISION DE VEH. DE CARGA', '', 1),
(99, 2, 'COLISION ENTRE VEHICULO Y MOTO', '', 1),
(100, 2, 'DESINFECCION BIOLOGICA POR COVID-19', '', 1),
(101, 2, 'EXPLOSIÓN CON LESIONADO', '', 1),
(102, 2, 'FALLECIDO EN ACCIDENTE AEREO', '', 1),
(103, 2, 'FALLECIDO POR ACCIDENTE EN BICICLETA', '', 1),
(104, 2, 'FALLECIDO POR ACCIDENTE LABORAL', '', 1),
(105, 2, 'FALLECIDO POR AHORCAMIENTO', '', 1),
(106, 2, 'FALLECIDO POR APLASTAMIENTO', '', 1),
(107, 2, 'FALLECIDO POR ARMA BLANCA', '', 1),
(108, 2, 'FALLECIDO POR ARMA DE FUEGO', '', 1),
(109, 2, 'FALLECIDO POR ARROLLAMIENTO', '', 1),
(110, 2, 'FALLECIDO POR CAIDA DE ALTURA', '', 1),
(111, 2, 'FALLECIDO POR CAUSAS NATURALES', '', 1),
(112, 2, 'FALLECIDO POR ELECTROCUCION', '', 1),
(113, 2, 'FALLECIDO POR INCENDIO', '', 1),
(114, 2, 'FALLECIDO POR INMERSION', '', 1),
(115, 2, 'FALLECIDO POR INTOXICACIÓN', '', 1),
(116, 2, 'FALLECIDO POR LINCHAMIENTO', '', 1),
(117, 2, 'FALLECIDO POR QUEMADURA', '', 1),
(118, 2, 'FALLECIDO POR RIÑA', '', 1),
(119, 2, 'FALLECIDO POR TRAUMATISMO', '', 1),
(120, 2, 'FALLECIDOS POR ARTIFICIOS PIROTECNICOS', '', 1),
(121, 2, 'HERIDO POR APLASTAMIENTO', '', 1),
(122, 2, 'HERIDO POR ARMA BLANCA', '', 1),
(123, 2, 'HERIDO POR ARMA DE FUEGO', '', 1),
(124, 2, 'HERIDO POR CAIDA DE ALTURA', '', 1),
(125, 2, 'HERIDO POR CAIDA DE SU PROPIA ALTURA', '', 1),
(126, 2, 'HERIDO POR ELECTROCUCIÓN', '', 1),
(127, 2, 'HERIDO POR INCENDIO', '', 1),
(128, 2, 'HERIDO POR OBJETO CONTUNDENTE', '', 1),
(129, 2, 'HERIDO POR QUEMADURA', '', 1),
(130, 2, 'HERIDO POR TRAUMATISMO', '', 1),
(131, 2, 'LESIONADOS POR ARTIFICIOS PIROTECNICOS', '', 1),
(132, 2, 'MORDEDURA DE SERPIENTE', '', 1),
(133, 2, 'PERSONA CAIDA DE SU NIVEL', '', 1),
(134, 2, 'PERSONA HERIDA', '', 1),
(135, 2, 'PERSONAS ATRAPADAS', '', 1),
(136, 2, 'RECUPERACION DE CADAVER', '', 1),
(137, 2, 'RESCATE PACIENTE PSIQUIATRICO', '', 1),
(138, 2, 'TRASLADO AÉREO', '', 1),
(139, 2, 'TRASLADO DE GESTANTE', '', 1),
(140, 2, 'TRASLADO INTERHOSPITALARIO', '', 1),
(141, 2, 'TRASLADO MÉDICO', '', 1),
(142, 2, 'TRASLADOS EN AMBULANCIA', '', 1),
(143, 2, 'VEHICULO QUE CAE AL CAUSE DE RIO', '', 1),
(144, 2, 'VEHICULO QUE CAE AL VACIO', '', 1),
(145, 2, 'VEHÍCULO ACCIDENTADO', '', 1),
(146, 2, 'VOLCAMIENTO CON FALLECIDOS', '', 1),
(147, 2, 'VOLCAMIENTO CON LESIONADO', '', 1),
(148, 2, 'VOLCAMIENTO SIMPLE', '', 1),
(149, 3, 'AFECTACIÓN POR LLUVIAS', '', 1),
(150, 3, 'APOYO A ORGNANISMO', '', 1),
(151, 3, 'ARBOL CAÍDO', '', 1),
(152, 3, 'CIERRE DE VÍA', '', 1),
(153, 3, 'COLAPSO DE ESTRUCTURA', '', 1),
(154, 3, 'COLAPSO DE VIVIENDA', '', 1),
(155, 3, 'CONATO DE INCENDIO', '', 1),
(156, 3, 'CONTAMINACION AMBIENTAL', '', 1),
(157, 3, 'DERRAME DE AGUAS BLANCAS', '', 1),
(158, 3, 'DERRAME DE AGUAS NEGRAS', '', 1),
(159, 3, 'DERRAME DE COMBUSTIBLE', '', 1),
(160, 3, 'DERRAME DE PRODUCTOS QUIMICOS', '', 1),
(161, 3, 'DERRUMBE', '', 1),
(162, 3, 'DESBORDAMIENTO DE QUEBRADA', '', 1),
(163, 3, 'DESBORDAMIENTO DE RIO', '', 1),
(164, 3, 'DESLIZAMIENTOS', '', 1),
(165, 3, 'ELIMINACION DE PELIGRO', '', 1),
(166, 3, 'EMBARCACION A LA DERIVA', '', 1),
(167, 3, 'ENJAMBRE DE ABEJA', '', 1),
(168, 3, 'EVALUACION DE RIESGO', '', 1),
(169, 3, 'EXPLOSIÓN DE LPV (GAS)', '', 1),
(170, 3, 'EXPLOSIÓN DE TRANSFORMADOR', '', 1),
(171, 3, 'FUGA DE GAS', '', 1),
(172, 3, 'INCENDIO', '', 1),
(173, 3, 'INCENDIO A COMERCIO', '', 1),
(174, 3, 'INCENDIO A ESTRUCTURA', '', 1),
(175, 3, 'INCENDIO A INSTITUCIÓN PÚBLICA', '', 1),
(176, 3, 'INCENDIO A REFINERIA', '', 1),
(177, 3, 'INCENDIO DE ALCANTARILLA', '', 1),
(178, 3, 'INCENDIO DE DESECHOS SOLIDOS', '', 1),
(179, 3, 'INCENDIO DE EMBARCACIÓN', '', 1),
(180, 3, 'INCENDIO DE POSTE', '', 1),
(181, 3, 'INCENDIO DE REFUGIO', '', 1),
(182, 3, 'INCENDIO FORESTAL', '', 1),
(183, 3, 'INCENDIO INDUSTRIAL', '', 1),
(184, 3, 'INCENDIO RESIDENCIAL', '', 1),
(185, 3, 'INCENDIO VEHICULAR', '', 1),
(186, 3, 'INCENDIOS EQUIPOS ELECTRICOS', '', 1),
(187, 3, 'INCENDIOS POR ARTIFICIOS PIROTECNICOS', '', 1),
(188, 3, 'INUNDACIÓN', '', 1),
(189, 3, 'MATERIALES PELIGROSOS', '', 1),
(190, 3, 'REIGNICION', '', 1),
(191, 3, 'RESCATE ANIMAL', '', 1),
(192, 3, 'RESCATE DE PERSONA', '', 1),
(193, 3, 'RESCATE EN ASCENSORES', '', 1),
(194, 3, 'RESCATE EN EL METRO', '', 1),
(195, 3, 'RESCATE EN ESTRUCTURAS', '', 1),
(196, 3, 'RESCATE EN MONTAÑA', '', 1),
(197, 3, 'SITUACIÓN DE RIESGO DE VIVIENDA', '', 1),
(198, 3, 'TALA DE ARBOL', '', 1),
(199, 3, 'TERREMOTOS', '', 1),
(200, 4, 'AUXILIO VIAL', '', 1),
(201, 4, 'CONTAMINACION SÓNICA', '', 1),
(202, 4, 'FALLA DE SERVICIO EN EL AGUA POTABLE', '', 1),
(203, 4, 'FALLA ELÉCTRICA', '', 1),
(204, 4, 'TRASLADO RESIDENCIAL', '', 1),
(205, 4, 'TUBERIA AVERIADA', '', 1),
(206, 4, 'VEHÍCULO MAL ESTACIONADO', '', 1),
(207, 4, 'VÍA FRAGMENTADA', '', 1);

-- --------------------------------------------------------

--
-- Estructura de tabla para la tabla `comunas`
--

CREATE TABLE `comunas` (
  `id` int(10) UNSIGNED NOT NULL,
  `parroquia_id` int(10) UNSIGNED NOT NULL,
  `nombre_comuna` varchar(150) NOT NULL,
  `descripcion` varchar(256) DEFAULT NULL,
  `estado` tinyint(1) DEFAULT 1
) ENGINE=InnoDB DEFAULT CHARSET=utf8mb4 COLLATE=utf8mb4_general_ci;

--
-- Volcado de datos para la tabla `comunas`
--

INSERT INTO `comunas` (`id`, `parroquia_id`, `nombre_comuna`, `descripcion`, `estado`) VALUES
(1, 1, 'CACIQUE URAMA', NULL, 1),
(2, 2, 'AGROTURISTICA SANTA CRUZ DE ALPARGATON', NULL, 1),
(3, 2, 'CIMARRON ANDRESOTE', NULL, 1),
(4, 2, 'SUEÑO DE CHAVEZ', NULL, 1),
(5, 2, 'CHE GUEVARA LEGENDARIO SOCIALISTA', NULL, 1),
(6, 2, 'CORDILLERA DE JUAN JOSE MORA', NULL, 1),
(7, 2, 'SUEÑOS DE GRANDEZA BOLIVAR Y CHAVEZ', NULL, 1),
(8, 2, 'EL DESPERTAR HEROICO DE PALMA SOLA', NULL, 1),
(9, 3, 'EL NUEVO RENACER DE HUGO CHAVEZ', NULL, 1),
(10, 3, 'CIRCUITO 10 PUERTO CABELLO', NULL, 1),
(11, 3, 'SOCIALISTA MORILLO LANCEROS', NULL, 1),
(12, 3, 'LOS 10 CONSEJOS COMUNALES EN VICTORIA', NULL, 1),
(13, 3, 'CIRCUITO 7 PUERTO CABELLO', NULL, 1),
(14, 3, 'CIRCUITO 8 PUERTO CABELLO', NULL, 1),
(15, 4, 'CIRCUITO 9 PUERTO CABELLO', NULL, 1),
(16, 4, 'PORTUARIA COMERCIAL TURISTICA Y PESQUERA UNION EN FRATERNIDAD', NULL, 1),
(17, 5, 'CIRCUITO 6 PUERTO CABELLO', NULL, 1),
(18, 5, 'CIRCUITO 5 PUERTO CABELLO', NULL, 1),
(19, 5, 'SOCIALISTA LAS 10 RAICES DE LA REVOLUCION', NULL, 1),
(20, 5, 'CIRCUITO 4 PUERTO CABELLO', NULL, 1),
(21, 5, 'AGROTURISTICA INDUSTRIAL GENERAL BARTOLOME SALOM', NULL, 1),
(22, 6, 'HIJOS DE UN LEGADO', NULL, 1),
(23, 6, 'CON LUCES Y VIRTUDES SOMOS 11 HACIENDO PATRIA EN CUMBOTE II', NULL, 1),
(24, 6, 'CIRCUITO 1 PUERTO CABELLO', NULL, 1),
(25, 6, 'SOCIALISTA LOS LIDERES DE CHAVEZ', NULL, 1),
(26, 6, 'SOCIALISTA AGROINDUSTRIAL MEDARDO RODRIGUES SOMOS 13 EN REVOLUCION', NULL, 1),
(27, 6, 'AGRICOLA VENCEDORES DEL CAMPO', NULL, 1),
(28, 7, 'RIO AGUAS CALIENTES', NULL, 1),
(29, 7, 'AGROTURISTICA E INDUSTRIAL EL CAMBUR', NULL, 1),
(30, 8, 'CIRCUITO 3 PUERTO CABELLO', NULL, 1),
(31, 9, 'CIRCUITO 2 PUERTO CABELLO', NULL, 1),
(32, 10, 'EL FORTIN DE LA CABRERA', NULL, 1),
(33, 10, 'EL SUEÑO DEL LIDER HUGO CHAVEZ', NULL, 1),
(34, 10, 'EL LEGADO DE BOLIVAR Y CHAVEZ', NULL, 1),
(35, 10, 'MARISCAL SUCRE', NULL, 1),
(36, 11, 'NUESTRO NORTE ES EL SUR 07', NULL, 1),
(37, 11, 'CENTRO  LOS TACARIGUA', NULL, 1),
(38, 11, 'NUESTRO NORTE ES EL SUR 07-B', NULL, 1),
(39, 11, 'NUESTRO NORTE ES EL SUR 07-A', NULL, 1),
(40, 12, 'CENTRO ESTE LAGO LOS TACARIGUA', NULL, 1),
(41, 12, 'EL ORO DEL PUEBLO', NULL, 1),
(42, 12, 'LOS TACARIGUA SUR', NULL, 1),
(43, 12, 'CIRCUITO COMUNAL CARABALI 01', NULL, 1),
(44, 12, 'CARABALI 01', NULL, 1),
(45, 13, 'SOCIALISTA AGRO TURISTICA BATALLA DE VIGIRIMA', NULL, 1),
(46, 13, 'SOCIALISTA AGRICOLA Y TURISTICA PETROGLIFOS DE VIGIRIMA', NULL, 1),
(47, 14, 'LAS FLORES DE YAGUA', NULL, 1),
(48, 13, 'CAMINO A LA VICTORIA', NULL, 1),
(49, 13, 'JOSE FELIX RAMIREZ', NULL, 1),
(50, 13, 'SUR SUEÑOS DEL COMANDANTE', NULL, 1),
(51, 13, 'LOS TRIUNFADORES DEL SAMAN', NULL, 1),
(52, 13, 'GUERRERA DE TACARIGUA', NULL, 1),
(53, 15, 'ALIANZA DE LOS GUERREROS DE LA PATRIA', NULL, 1),
(54, 16, 'LA CUMACA DE LOS ARAWUACOS', NULL, 1),
(55, 16, 'GRAN CACIQUE QUEIPA', NULL, 1),
(56, 16, 'CIRCUITO 1 SAN DIEGO', NULL, 1),
(57, 16, 'ESMERALDA BOLIVARIANA', NULL, 1),
(58, 16, 'CIRCUITO 2 SAN DIEGO', NULL, 1),
(59, 16, 'FE LUZ Y ESPERANZA', NULL, 1),
(60, 16, 'EL RENACER DEL COMANDANTE EN SAN DIEGO', NULL, 1),
(61, 16, 'PRODUCCION REVOLUCIONARIA DEL SUR DE SAN DIEGO', NULL, 1),
(62, 17, 'SOCIALISTA VENCEDORES DE LA PATRIA', NULL, 1),
(63, 17, 'CHAVEZ VIVE XI', NULL, 1),
(64, 17, 'SOCIALISTA 8VA ESTRELLA', NULL, 1),
(65, 17, 'BATALLA DE PICHINCHA- 24', NULL, 1),
(66, 17, 'BATALLA DE AYACUCHO', NULL, 1),
(67, 17, 'BATALLA DE JUNIN', NULL, 1),
(68, 17, 'SOCIALISTA INDIOS CARIBE', NULL, 1),
(69, 17, 'CIRCUITO 8 VALENCIA', NULL, 1),
(70, 17, 'HIJOS DE BOLIVAR', NULL, 1),
(71, 17, 'FORTALEZA REVOLUCIONARIA', NULL, 1),
(72, 17, 'AGROSOCIALISTA ARGIMIRO GABALDON', NULL, 1),
(73, 18, 'BELEN DE LA SIERRA', NULL, 1),
(74, 18, 'UNION REVOLUCIONARIA MANUARE', NULL, 1),
(75, 19, 'COMANDANTE ETERNO', NULL, 1),
(76, 19, 'GUIGUE REVOLUCIONARIA', NULL, 1),
(77, 19, 'EL LEGADO DE CHAVEZ Y JOSE FELIX RIBAS', NULL, 1),
(78, 19, 'DOCTOR CARLOS ARVELO', NULL, 1),
(79, 19, 'INDIO RANGEL', NULL, 1),
(80, 19, 'BOLIVAR ZAMORA Y CHAVEZ', NULL, 1),
(81, 20, 'NOGUERA CENTAURO', NULL, 1),
(82, 20, 'EL BUEN VIVIR', NULL, 1),
(83, 20, 'DIOSA DE TACARIGUA', NULL, 1),
(84, 20, 'FORTALEZA PRODUCTIVA COMUNALES', NULL, 1),
(85, 20, 'ALIANZA REVOLUCIONARIA', NULL, 1),
(86, 20, 'TACARIGUA', NULL, 1),
(87, 20, 'BOQUERON', NULL, 1),
(88, 21, 'AGROPECUARIA NEGRO PRIMERO', NULL, 1),
(89, 22, 'HUGO CHAVEZ', NULL, 1),
(90, 22, 'JUAN GERMAN ROSCIO', NULL, 1),
(91, 22, 'AGRICOLA COMANDANTE ELIEZER OTAIZA', NULL, 1),
(92, 22, 'POR AMOR A BOLIVAR Y CHAVEZ INVICTOS', NULL, 1),
(93, 22, 'SOCORRO BOLIVARIANO', NULL, 1),
(94, 22, 'GUERRERAS Y GUERREROS DE GUAICAIPURO', NULL, 1),
(95, 22, 'SOCIALISTA JOSE MARTI', NULL, 1),
(96, 22, 'LA BATALLA PERFECTA DE CHAVEZ', NULL, 1),
(97, 22, 'EL ARBOL DE LAS 4 RAICES REVOLUCIONARIA', NULL, 1),
(98, 22, 'A PASOS DE VENCEDORES POR EL SOCIALISMO', NULL, 1),
(99, 22, 'SOCIALISTA BOLIVAR Y SUCRE', NULL, 1),
(100, 22, 'CREACION DE CHAVEZ', NULL, 1),
(101, 22, 'ARGELIA LAYA 13', NULL, 1),
(102, 22, 'CUATRO DE FEBRERO', NULL, 1),
(103, 22, 'EL PANAL 2021', NULL, 1),
(104, 22, 'ECOSOCIALISTA 4 DE OCTUBRE 2012', NULL, 1),
(105, 22, 'RENACER DEL SUR SOCIALISTA', NULL, 1),
(106, 22, 'CIRCUITO II VALENCIA CACIQUE URIMARE', NULL, 1),
(107, 22, 'CIRCUITO I VALENCIA GUERRERAS MAISANTA', NULL, 1),
(108, 22, 'CIRCUITO 6 VALENCIA AUYANTEPUI', NULL, 1),
(109, 22, 'DISCIPULOS DE BOLIVAR', NULL, 1),
(110, 22, 'SOCIALISTA Y PRODUCTIVA GUACAMAYA', NULL, 1),
(111, 22, 'CIRCUITO 3 VALENCIA BATALLA DE CARABOBO', NULL, 1),
(112, 23, 'GENERAL MANUEL CEDEÑO', NULL, 1),
(113, 23, 'BOLIVAR CHAVEZ', NULL, 1),
(114, 23, 'EL ARAÑERO DE SABANETA 2018', NULL, 1),
(115, 23, 'CIRCUITO 4 VALENCIA BATALLADORES DEL SUR', NULL, 1),
(116, 24, 'AGROSOCIALISTA JESUCRISTO BOLIVAR Y CHAVEZ', NULL, 1),
(117, 24, 'CIRCUITO 7 VALENCIA LOS SAMANES', NULL, 1),
(118, 24, 'CIRCUITO 5 SOCIALISTA AGROURBANA CIUDAD PLAZA', NULL, 1),
(119, 24, 'CIUDAD CHAVEZ', NULL, 1),
(120, 24, 'EL SUR EXISTE', NULL, 1),
(121, 24, 'CIRCUITO 10', NULL, 1),
(122, 24, 'COMUNA SOCIALISTA TACARIGUA SUELO DE ESPERANZA', NULL, 1),
(123, 24, 'POR LA PAZ Y LA VIDA', NULL, 1),
(124, 24, 'SOCIALISTA LAS PALMITAS', NULL, 1),
(125, 24, 'GRAN  FLOR AMARILLO', NULL, 1),
(126, 24, 'SOCIALISTA INDIA APACUANA', NULL, 1),
(127, 24, 'SOCIALISTA VINICIA OROZCO', NULL, 1),
(128, 24, 'COMUNIDAD INDIGENA', NULL, 1),
(129, 24, 'CIRCUITO URB PARQUE VALENCIA', NULL, 1),
(130, 24, 'CIRCUITO URB ISABELICA', NULL, 1),
(131, 24, 'VIVIRAS POR SIEMPRE', NULL, 1),
(132, 25, 'GLORIOSA PUERTA DE VALENCIA', NULL, 1),
(133, 26, 'MORREÑOS BOLIVARIANOS', NULL, 1),
(134, 27, 'SERRANIA INDIO GUACAMAYO', NULL, 1),
(135, 28, 'CIRCUITO 9 VALENCIA', NULL, 1),
(136, 29, 'CACIQUE PARAMACAY', NULL, 1),
(137, 29, 'NAGUANAGUA OESTE', NULL, 1),
(138, 29, 'GENERAL HEMOGENES LOPEZ', NULL, 1),
(139, 29, 'BICENTENARIA BATALLA DE CARABOBO', NULL, 1),
(140, 29, 'COMANDANTE SUPREMO', NULL, 1),
(141, 29, 'BATALLA DE BOMBONA', NULL, 1),
(142, 29, '5 RAICES', NULL, 1),
(143, 29, 'LA SIEMBRA DEL COMANDANTE', NULL, 1),
(144, 29, 'SABANA DE LOS RIOS', NULL, 1),
(145, 29, 'NAGUANAGUA NORTE', NULL, 1),
(146, 29, 'GENERAL ATANASIO GIRARDOT', NULL, 1),
(147, 29, 'TRINCHERAS', NULL, 1),
(148, 30, 'SEMILLA DEL COMANDANTE', NULL, 1),
(149, 30, 'PENSAMIENTOS Y SUEÑOS DE SIMON BOLIVAR', NULL, 1),
(150, 30, 'BATALLA BICENTENARIA', NULL, 1),
(151, 30, 'LOS GRANDES ILUSTRES', NULL, 1),
(152, 30, 'PATRIA EN REVOLUCION', NULL, 1),
(153, 30, 'LA VICTORIA', NULL, 1),
(154, 30, 'YUSBELI RAMOS', NULL, 1),
(155, 30, 'ARBOL DE LAS 3 RAICES', NULL, 1),
(156, 30, 'LA TRINIDAD 19-13', NULL, 1),
(157, 30, 'EL GIGANTE DE AMÉRICA HUGO CHAVEZ', NULL, 1),
(158, 31, 'FABRICIO OJEDA', NULL, 1),
(159, 31, 'BRISAS DEL CAMPO', NULL, 1),
(160, 30, 'FUNDO LA ESPERANZA', NULL, 1),
(161, 30, 'TENIENTE CORONEL JULIAN MELLADO', NULL, 1),
(162, 30, 'TIERRA DE LIBERTADORES Y PRODUCTORES', NULL, 1),
(163, 31, 'NUEVA BATALLA DE CARABOBO', NULL, 1),
(164, 32, 'SIMON GIRAN', NULL, 1),
(165, 33, 'MONTE SACRO', NULL, 1),
(166, 34, 'SUEÑOS DEL ARAÑERO DE BEJUMA', NULL, 1),
(167, 34, 'EL DESPERTAR DEL PUEBLO REVOLUCIONARIO', NULL, 1),
(168, 35, 'AGRO TURISTICA LA ZURDA DE CHAVEZ', NULL, 1),
(169, 35, 'SOCIO PRODUCTIVA HIJOS E HIJAS DE BOLIVAR Y CHAVEZ', NULL, 1),
(170, 35, 'SOCIO PRODUCTIVA COMANDANTE MAGOYA', NULL, 1),
(171, 36, 'RIO ONOTO', NULL, 1),
(172, 36, 'SOCIALISTA MANUEL CEDEÑO', NULL, 1),
(173, 36, 'CHAVEZ ES NUESTRO', NULL, 1);

-- --------------------------------------------------------

--
-- Estructura de tabla para la tabla `configuracion_sistema`
--

CREATE TABLE `configuracion_sistema` (
  `id` int(10) UNSIGNED NOT NULL,
  `llave_activacion` varchar(12) NOT NULL
) ENGINE=InnoDB DEFAULT CHARSET=utf8mb4 COLLATE=utf8mb4_general_ci;

--
-- Volcado de datos para la tabla `configuracion_sistema`
--

INSERT INTO `configuracion_sistema` (`id`, `llave_activacion`) VALUES
(1, 'V9K2L4M7N1P5');

-- --------------------------------------------------------

--
-- Estructura de tabla para la tabla `cuadrantes_paz`
--

CREATE TABLE `cuadrantes_paz` (
  `id` int(10) UNSIGNED NOT NULL,
  `sector_id` int(10) UNSIGNED NOT NULL,
  `organismo_id` int(10) UNSIGNED DEFAULT NULL,
  `nombre_cuadrante` varchar(150) NOT NULL,
  `descripcion` varchar(256) DEFAULT NULL,
  `estado` tinyint(1) DEFAULT 1
) ENGINE=InnoDB DEFAULT CHARSET=utf8mb4 COLLATE=utf8mb4_general_ci;

--
-- Volcado de datos para la tabla `cuadrantes_paz`
--

INSERT INTO `cuadrantes_paz` (`id`, `sector_id`, `organismo_id`, `nombre_cuadrante`, `descripcion`, `estado`) VALUES
(1, 1, 1, 'C-001', NULL, 1),
(2, 14, 2, 'C-002', NULL, 1),
(3, 23, 3, 'C-003', NULL, 1),
(4, 33, 1, 'C-004', NULL, 1),
(5, 47, 3, 'C-005', NULL, 1),
(6, 56, 3, 'C-006', NULL, 1),
(7, 65, 2, 'C-007', NULL, 1),
(8, 78, 4, 'C-008', NULL, 1),
(9, 89, 2, 'C-009', NULL, 1),
(10, 97, 5, 'C-010', NULL, 1),
(11, 102, 1, 'C-011', NULL, 1),
(12, 113, 5, 'C-012', NULL, 1),
(13, 123, 2, 'C-013', NULL, 1),
(14, 131, 5, 'C-014', NULL, 1),
(15, 139, 5, 'C-015', NULL, 1),
(16, 147, 5, 'C-016', NULL, 1),
(17, 157, 1, 'C-017', NULL, 1),
(18, 168, 5, 'C-018', NULL, 1),
(19, 179, 1, 'C-019', NULL, 1),
(20, 190, 1, 'C-020', NULL, 1),
(21, 197, 2, 'C-021', NULL, 1),
(22, 205, 5, 'C-022', NULL, 1),
(23, 226, 1, 'C-023', NULL, 1),
(24, 237, 5, 'C-024', NULL, 1),
(25, 250, 1, 'C-025', NULL, 1),
(26, 258, 1, 'C-026', NULL, 1),
(27, 271, 1, 'C-027', NULL, 1),
(28, 284, 5, 'C-028', NULL, 1),
(29, 297, 5, 'C-029', NULL, 1),
(30, 311, 2, 'C-030', NULL, 1),
(31, 319, 2, 'C-031', NULL, 1),
(32, 326, 6, 'C-032', NULL, 1),
(33, 333, 6, 'C-033', NULL, 1),
(34, 343, 6, 'C-034', NULL, 1),
(35, 363, 2, 'C-035', NULL, 1),
(36, 370, 2, 'C-036', NULL, 1),
(37, 383, 1, 'C-037', NULL, 1),
(38, 392, 1, 'C-038', NULL, 1),
(39, 406, 1, 'C-039', NULL, 1),
(40, 417, 1, 'C-040', NULL, 1),
(41, 427, 2, 'C-041', NULL, 1),
(42, 441, 1, 'C-042', NULL, 1),
(43, 453, 7, 'C-043', NULL, 1),
(44, 468, 7, 'C-044', NULL, 1),
(45, 486, 8, 'C-045', NULL, 1),
(46, 496, 8, 'C-046', NULL, 1),
(47, 512, 1, 'C-047', NULL, 1),
(48, 534, 4, 'C-048', NULL, 1),
(49, 552, 2, 'C-049', NULL, 1),
(50, 570, 2, 'C-050', NULL, 1),
(51, 582, 8, 'C-051', NULL, 1),
(52, 601, 1, 'C-052', NULL, 1),
(53, 627, 1, 'C-053', NULL, 1),
(54, 645, 1, 'C-054', NULL, 1),
(55, 653, 1, 'C-055', NULL, 1),
(56, 664, 9, 'C-056', NULL, 1),
(57, 675, 9, 'C-057', NULL, 1),
(58, 680, 2, 'C-058', NULL, 1),
(59, 686, 9, 'C-059', NULL, 1),
(60, 697, 9, 'C-060', NULL, 1),
(61, 705, 2, 'C-061', NULL, 1),
(62, 713, 10, 'C-062', NULL, 1),
(63, 731, 10, 'C-063', NULL, 1),
(64, 742, 1, 'C-064', NULL, 1),
(65, 756, 2, 'C-065', NULL, 1),
(66, 764, 10, 'C-066', NULL, 1),
(67, 773, 1, 'C-067', NULL, 1),
(68, 786, 2, 'C-068', NULL, 1),
(69, 801, 10, 'C-069', NULL, 1),
(70, 844, 10, 'C-070', NULL, 1),
(71, 860, 1, 'C-071', NULL, 1),
(72, 868, 2, 'C-072', NULL, 1),
(73, 879, 1, 'C-073', NULL, 1),
(74, 899, 2, 'C-074', NULL, 1),
(75, 915, 2, 'C-075', NULL, 1),
(76, 934, 1, 'C-076', NULL, 1),
(77, 946, 1, 'C-077', NULL, 1),
(78, 966, 1, 'C-078', NULL, 1),
(79, 979, 11, 'C-079', NULL, 1),
(80, 998, 2, 'C-080', NULL, 1),
(81, 1009, 1, 'C-081', NULL, 1),
(82, 1026, 4, 'C-082', NULL, 1),
(83, 1035, 4, 'C-083', NULL, 1),
(84, 1055, 1, 'C-084', NULL, 1),
(85, 1063, 1, 'C-085', NULL, 1),
(86, 1072, 1, 'C-086', NULL, 1),
(87, 1087, 1, 'C-087', NULL, 1),
(88, 1100, 1, 'C-088', NULL, 1),
(89, 1144, 4, 'C-089', NULL, 1),
(90, 1151, 2, 'C-090', NULL, 1),
(91, 1166, 1, 'C-091', NULL, 1),
(92, 1184, 2, 'C-092', NULL, 1),
(93, 1198, 1, 'C-093', NULL, 1),
(94, 1211, 1, 'C-094', NULL, 1),
(95, 1217, 1, 'C-095', NULL, 1),
(96, 1225, 1, 'C-096', NULL, 1),
(97, 1239, 2, 'C-097', NULL, 1),
(98, 1253, 2, 'C-098', NULL, 1),
(99, 1266, 12, 'C-099', NULL, 1),
(100, 1283, 1, 'C-100', NULL, 1),
(101, 1296, 12, 'C-101', NULL, 1),
(102, 1309, 1, 'C-102', NULL, 1),
(103, 1331, 1, 'C-103', NULL, 1),
(104, 1339, 1, 'C-104', NULL, 1),
(105, 1352, 1, 'C-105', NULL, 1),
(106, 1364, 2, 'C-106', NULL, 1),
(107, 1376, 2, 'C-107', NULL, 1),
(108, 1387, 2, 'C-108', NULL, 1),
(109, 1398, 2, 'C-109', NULL, 1),
(110, 1420, 12, 'C-110', NULL, 1),
(111, 1432, 12, 'C-111', NULL, 1),
(112, 1444, 12, 'C-112', NULL, 1),
(113, 1462, 12, 'C-113', NULL, 1),
(114, 1476, 1, 'C-114', NULL, 1),
(115, 1490, 13, 'C-115', NULL, 1),
(116, 1499, 2, 'C-116', NULL, 1),
(117, 1505, 2, 'C-117', NULL, 1),
(118, 1512, 2, 'C-118', NULL, 1),
(119, 1522, 4, 'C-119', NULL, 1),
(120, 1542, 2, 'C-120', NULL, 1),
(121, 1556, 1, 'C-121', NULL, 1),
(122, 1576, 2, 'C-122', NULL, 1),
(123, 1586, 2, 'C-123', NULL, 1),
(124, 1604, 2, 'C-124', NULL, 1),
(125, 1624, 1, 'C-125', NULL, 1),
(126, 1636, 2, 'C-126', NULL, 1),
(127, 1647, 2, 'C-127', NULL, 1),
(128, 1664, 1, 'C-128', NULL, 1),
(129, 1666, 1, 'C-129', NULL, 1),
(130, 1692, 1, 'C-130', NULL, 1),
(131, 1710, 1, 'C-131', NULL, 1),
(132, 1730, 12, 'C-132', NULL, 1),
(133, 1739, 12, 'C-133', NULL, 1),
(134, 1750, 2, 'C-134', NULL, 1),
(135, 1762, 12, 'C-135', NULL, 1),
(136, 1795, 2, 'C-136', NULL, 1),
(137, 1827, 1, 'C-137', NULL, 1),
(138, 1838, 14, 'C-138', NULL, 1),
(139, 1848, 1, 'C-139', NULL, 1),
(140, 1859, 4, 'C-140', NULL, 1),
(141, 1868, 14, 'C-141', NULL, 1),
(142, 1878, 1, 'C-142', NULL, 1),
(143, 1890, 4, 'C-143', NULL, 1),
(144, 1896, 4, 'C-144', NULL, 1),
(145, 1906, 1, 'C-145', NULL, 1),
(146, 1917, 14, 'C-146', NULL, 1),
(147, 1933, 14, 'C-147', NULL, 1),
(148, 1942, 4, 'C-148', NULL, 1),
(149, 1950, 1, 'C-149', NULL, 1),
(150, 1970, 15, 'C-150', NULL, 1),
(151, 1979, 1, 'C-151', NULL, 1),
(152, 1992, 4, 'C-152', NULL, 1),
(153, 2007, 15, 'C-153', NULL, 1),
(154, 2020, 4, 'C-154', NULL, 1),
(155, 2028, 2, 'C-155', NULL, 1),
(156, 2039, 15, 'C-156', NULL, 1),
(157, 2057, 4, 'C-157', NULL, 1),
(158, 2075, 1, 'C-158', NULL, 1),
(159, 2097, 1, 'C-159', NULL, 1),
(160, 2109, 4, 'C-160', NULL, 1),
(161, 2120, 2, 'C-161', NULL, 1),
(162, 2134, 4, 'C-162', NULL, 1),
(163, 2152, 2, 'C-163', NULL, 1),
(164, 2176, 1, 'C-164', NULL, 1),
(165, 2198, 1, 'C-165', NULL, 1),
(166, 2229, 16, 'C-166', NULL, 1),
(167, 2245, 2, 'C-167', NULL, 1),
(168, 2259, 1, 'C-168', NULL, 1),
(169, 2266, 1, 'C-169', NULL, 1),
(170, 2277, 2, 'C-170', NULL, 1),
(171, 2289, 17, 'C-171', NULL, 1),
(172, 2303, 1, 'C-172', NULL, 1),
(173, 2318, 2, 'C-173', NULL, 1);

-- --------------------------------------------------------

--
-- Estructura de tabla para la tabla `despachos_organismos`
--

CREATE TABLE `despachos_organismos` (
  `id` int(10) UNSIGNED NOT NULL,
  `ficha_id` int(10) UNSIGNED NOT NULL,
  `organismo_id` int(10) UNSIGNED NOT NULL,
  `cuadrante_id` int(10) UNSIGNED DEFAULT NULL,
  `unidad_designada` varchar(100) DEFAULT NULL,
  `mando_acargo` varchar(100) DEFAULT NULL,
  `persona_atiende` varchar(100) DEFAULT NULL,
  `hora_despacho` timestamp NOT NULL DEFAULT current_timestamp(),
  `estatus_despacho` enum('Asignado','En Camino','En Sitio','Liberado','Cancelado') NOT NULL DEFAULT 'Asignado',
  `despachador_id` int(10) UNSIGNED DEFAULT NULL,
  `motivo_cancelacion` varchar(500) DEFAULT NULL,
  `tipo_motivo_cancelacion` varchar(100) DEFAULT NULL
) ENGINE=InnoDB DEFAULT CHARSET=utf8mb4 COLLATE=utf8mb4_general_ci;

--
-- Volcado de datos para la tabla `despachos_organismos`
--

INSERT INTO `despachos_organismos` (`id`, `ficha_id`, `organismo_id`, `cuadrante_id`, `unidad_designada`, `mando_acargo`, `persona_atiende`, `hora_despacho`, `estatus_despacho`, `despachador_id`, `motivo_cancelacion`, `tipo_motivo_cancelacion`) VALUES
(1, 1, 4, 89, 'RP-1000', 'AXAXAXA', 'Carlos Miguel', '2026-05-27 14:47:11', 'Cancelado', 1, 'Sin respuesta', NULL);

-- --------------------------------------------------------

--
-- Estructura de tabla para la tabla `eventos_fichas`
--

CREATE TABLE `eventos_fichas` (
  `id` bigint(20) UNSIGNED NOT NULL,
  `ficha_id` int(10) UNSIGNED NOT NULL COMMENT 'Ficha que originó el evento',
  `usuario_id` int(10) UNSIGNED DEFAULT NULL COMMENT 'Operador que realizó la acción (NULL = sistema automático)',
  `tipo_evento` enum('CREACION','MODIFICACION','CAMBIO_ESTADO','PLAN_ACCION','DESPACHO','CIERRE') NOT NULL,
  `estado_anterior` varchar(50) DEFAULT NULL COMMENT 'Estado previo de la ficha (para CAMBIO_ESTADO)',
  `estado_nuevo` varchar(50) DEFAULT NULL COMMENT 'Estado nuevo de la ficha (para CAMBIO_ESTADO)',
  `valor_anterior` text DEFAULT NULL COMMENT 'Snapshot JSON del estado previo',
  `valor_nuevo` text DEFAULT NULL COMMENT 'Snapshot JSON del estado nuevo',
  `descripcion` text DEFAULT NULL COMMENT 'Nota legible del evento',
  `fecha` timestamp NOT NULL DEFAULT current_timestamp()
) ENGINE=InnoDB DEFAULT CHARSET=utf8mb4 COLLATE=utf8mb4_general_ci;

--
-- Volcado de datos para la tabla `eventos_fichas`
--

INSERT INTO `eventos_fichas` (`id`, `ficha_id`, `usuario_id`, `tipo_evento`, `estado_anterior`, `estado_nuevo`, `valor_anterior`, `valor_nuevo`, `descripcion`, `fecha`) VALUES
(1, 1, 1, 'CREACION', NULL, 'Pendiente', NULL, '{\"id\":1,\"caso\":2,\"estado\":\"Pendiente\"}', 'Ficha de emergencia #1 creada.', '2026-05-27 14:46:24'),
(2, 1, 1, 'CAMBIO_ESTADO', 'Pendiente', 'En Proceso', NULL, '{\"id_owner\":1}', 'Ficha tomada por despachador. Estado: \'Pendiente\' → \'En Proceso\'.', '2026-05-27 14:46:38'),
(3, 1, 1, 'MODIFICACION', 'En Proceso', 'En Proceso', '{\"id\":1,\"parroquia_id\":24,\"comuna_id\":125,\"sector_id\":1624,\"direccion_exacta\":\"xxxxxxxxxxxxxxxxxxxx\",\"caso_id\":2,\"descripcion_caso\":\"xxxxxxxxxxxxxxxxxxxxxxxxxx\",\"solicitante_id\":1,\"id_user\":1,\"id_owner\":1,\"fecha_creacion\":\"2026-05-27 14:46:24\",\"hora_cierre\":null,\"motivo_cierre\":null,\"tipo_motivo_cierre\":null,\"estado_ficha\":\"En Proceso\",\"fecha_actualizacion\":\"2026-05-27 14:46:38\",\"nombre_solicitante\":\"Juan Soto\",\"cedula_solicitante\":\"31034138\",\"telefono1\":\"04145779060\",\"telefono2\":\"\",\"nombre_caso\":\"ABUSO DE AUTORIDAD\",\"tipo_emergencia_id\":1,\"tipo_emergencia\":\"Seguridad Ciudadana y Orden Público\",\"nombre_parroquia\":\"RAFAEL URDANETA\",\"municipio_id\":9,\"nombre_municipio\":\"VALENCIA\",\"nombre_comuna\":\"GRAN  FLOR AMARILLO\",\"nombre_sector\":\"13 DE ABRIL\",\"nombre_creador\":\"Tecnologia\"}', '{\"parroquia_id\":24,\"comuna_id\":125,\"sector_id\":1624,\"direccion_exacta\":\"xxxxxxxxxxxxxxxxxxxx\",\"caso_id\":1,\"descripcion_caso\":\"xxxxxxxxxxxxxxxxxxxxxxxxxx\",\"nombre_solicitante\":\"Juan Soto\",\"cedula_solicitante\":\"31034138\",\"telefono1\":\"04145779060\",\"telefono2\":\"\"}', 'Ficha #1 actualizada.', '2026-05-27 14:46:51'),
(4, 1, 1, 'DESPACHO', NULL, NULL, NULL, '{\"despacho_id\":1,\"organismo_id\":4}', 'Despacho #1: Organismo asignado.', '2026-05-27 14:47:11'),
(5, 1, 1, 'DESPACHO', 'Asignado', 'Cancelado', NULL, '{\"motivo\":\"Sin respuesta\"}', 'Despacho #1 cancelado. Motivo: Sin respuesta.', '2026-05-27 14:47:31');

-- --------------------------------------------------------

--
-- Estructura de tabla para la tabla `eventos_sistema`
--

CREATE TABLE `eventos_sistema` (
  `id` bigint(20) UNSIGNED NOT NULL,
  `usuario_id` int(10) UNSIGNED DEFAULT NULL COMMENT 'Quién hizo la acción (NULL = setup inicial del sistema)',
  `tipo_accion` enum('INSERT','UPDATE','DELETE','LOGIN','LOGOUT','CAMBIO_ESTADO') NOT NULL,
  `tabla_afectada` varchar(50) NOT NULL COMMENT 'Ej: usuarios, fichas_emergencia, roles',
  `registro_id` int(10) UNSIGNED DEFAULT NULL COMMENT 'ID del registro afectado en esa tabla',
  `valor_anterior` text DEFAULT NULL COMMENT 'Estado previo (JSON)',
  `valor_nuevo` text DEFAULT NULL COMMENT 'Estado nuevo (JSON)',
  `descripcion` text DEFAULT NULL,
  `fecha` timestamp NOT NULL DEFAULT current_timestamp()
) ENGINE=InnoDB DEFAULT CHARSET=utf8mb4 COLLATE=utf8mb4_general_ci;

--
-- Volcado de datos para la tabla `eventos_sistema`
--

INSERT INTO `eventos_sistema` (`id`, `usuario_id`, `tipo_accion`, `tabla_afectada`, `registro_id`, `valor_anterior`, `valor_nuevo`, `descripcion`, `fecha`) VALUES
(2, NULL, 'INSERT', 'usuarios', NULL, NULL, '{\"usuario\":\"Admin2024\"}', 'Sistema inicializado con SuperAdmin: Admin2024.', '2026-05-22 13:58:35'),
(3, 1, 'LOGIN', 'usuarios', 1, NULL, NULL, 'Usuario \'Admin2024\' inició sesión.', '2026-05-22 13:58:43'),
(4, 1, 'LOGIN', 'usuarios', 1, NULL, NULL, 'Usuario \'Admin2024\' inició sesión.', '2026-05-22 14:20:58'),
(5, 1, 'LOGIN', 'usuarios', 1, NULL, NULL, 'Usuario \'Admin2024\' inició sesión.', '2026-05-22 14:57:49'),
(6, 1, 'LOGIN', 'usuarios', 1, NULL, NULL, 'Usuario \'Admin2024\' inició sesión.', '2026-05-27 14:33:33');

-- --------------------------------------------------------

--
-- Estructura de tabla para la tabla `fichas_emergencia`
--

CREATE TABLE `fichas_emergencia` (
  `id` int(10) UNSIGNED NOT NULL,
  `parroquia_id` int(10) UNSIGNED NOT NULL,
  `comuna_id` int(10) UNSIGNED DEFAULT NULL,
  `sector_id` int(10) UNSIGNED DEFAULT NULL,
  `direccion_exacta` text NOT NULL,
  `caso_id` int(10) UNSIGNED NOT NULL,
  `descripcion_caso` text NOT NULL,
  `solicitante_id` int(10) UNSIGNED NOT NULL,
  `id_user` int(10) UNSIGNED DEFAULT NULL COMMENT 'Usuario que CREÓ la ficha (no cambia)',
  `id_owner` int(10) UNSIGNED DEFAULT NULL COMMENT 'Último usuario que MODIFICÓ la ficha',
  `fecha_creacion` timestamp NOT NULL DEFAULT current_timestamp(),
  `hora_cierre` datetime DEFAULT NULL,
  `motivo_cierre` varchar(500) DEFAULT NULL,
  `tipo_motivo_cierre` varchar(150) DEFAULT NULL,
  `estado_ficha` enum('Pendiente','En Proceso','Atendido','Cerrado','Finalizado') DEFAULT 'Pendiente',
  `fecha_actualizacion` timestamp NOT NULL DEFAULT current_timestamp() ON UPDATE current_timestamp()
) ENGINE=InnoDB DEFAULT CHARSET=utf8mb4 COLLATE=utf8mb4_general_ci;

--
-- Volcado de datos para la tabla `fichas_emergencia`
--

INSERT INTO `fichas_emergencia` (`id`, `parroquia_id`, `comuna_id`, `sector_id`, `direccion_exacta`, `caso_id`, `descripcion_caso`, `solicitante_id`, `id_user`, `id_owner`, `fecha_creacion`, `hora_cierre`, `motivo_cierre`, `tipo_motivo_cierre`, `estado_ficha`, `fecha_actualizacion`) VALUES
(1, 24, 125, 1624, 'xxxxxxxxxxxxxxxxxxxx', 1, 'xxxxxxxxxxxxxxxxxxxxxxxxxx', 1, 1, 1, '2026-05-27 14:46:24', NULL, NULL, NULL, 'En Proceso', '2026-05-27 14:46:51');

-- --------------------------------------------------------

--
-- Estructura de tabla para la tabla `modulos`
--

CREATE TABLE `modulos` (
  `id` int(10) UNSIGNED NOT NULL,
  `clave` varchar(50) NOT NULL COMMENT 'Ej: usuarios, fichas, despachos',
  `descripcion` varchar(100) NOT NULL
) ENGINE=InnoDB DEFAULT CHARSET=utf8mb4 COLLATE=utf8mb4_general_ci;

--
-- Volcado de datos para la tabla `modulos`
--

INSERT INTO `modulos` (`id`, `clave`, `descripcion`) VALUES
(1, 'usuarios', 'Gestión de usuarios del sistema'),
(2, 'fichas', 'Creación y gestión de fichas de emergencia'),
(3, 'despachos', 'Despacho a organismos de respuesta'),
(4, 'historial', 'Visualización del historial de auditoría'),
(5, 'reportes', 'Generación de informes y estadísticas'),
(6, 'configuracion', 'Ajustes y configuración del sistema');

-- --------------------------------------------------------

--
-- Estructura de tabla para la tabla `motivos_cierre`
--

CREATE TABLE `motivos_cierre` (
  `id` int(10) UNSIGNED NOT NULL,
  `nombre` varchar(150) NOT NULL,
  `descripcion` text DEFAULT NULL,
  `estado` int(11) DEFAULT 1,
  `contexto` enum('ficha','organismo') NOT NULL DEFAULT 'ficha' COMMENT 'Indica si el motivo aplica al cierre de una ficha o a la cancelacion de un organismo'
) ENGINE=InnoDB DEFAULT CHARSET=utf8mb4 COLLATE=utf8mb4_general_ci;

-- --------------------------------------------------------

--
-- Estructura de tabla para la tabla `municipios`
--

CREATE TABLE `municipios` (
  `id` int(10) UNSIGNED NOT NULL,
  `nombre_municipio` varchar(100) NOT NULL,
  `Descripcion` varchar(256) NOT NULL,
  `estado` tinyint(1) DEFAULT 1
) ENGINE=InnoDB DEFAULT CHARSET=utf8mb4 COLLATE=utf8mb4_general_ci;

--
-- Volcado de datos para la tabla `municipios`
--

INSERT INTO `municipios` (`id`, `nombre_municipio`, `Descripcion`, `estado`) VALUES
(1, 'JUAN JOSE MORA', 'Municipio JUAN JOSE MORA', 1),
(2, 'PUERTO CABELLO', 'Municipio PUERTO CABELLO', 1),
(3, 'DIEGO IBARRA', 'Municipio DIEGO IBARRA', 1),
(4, 'SAN JOAQUIN', 'Municipio SAN JOAQUIN', 1),
(5, 'GUACARA', 'Municipio GUACARA', 1),
(6, 'SAN DIEGO', 'Municipio SAN DIEGO', 1),
(7, 'LOS GUAYOS', 'Municipio LOS GUAYOS', 1),
(8, 'CARLOS ARVELO', 'Municipio CARLOS ARVELO', 1),
(9, 'VALENCIA', 'Municipio VALENCIA', 1),
(10, 'NAGUANAGUA', 'Municipio NAGUANAGUA', 1),
(11, 'LIBERTADOR', 'Municipio LIBERTADOR', 1),
(12, 'BEJUMA', 'Municipio BEJUMA', 1),
(13, 'MONTALBAN', 'Municipio MONTALBAN', 1),
(14, 'MIRANDA', 'Municipio MIRANDA', 1);

-- --------------------------------------------------------

--
-- Estructura de tabla para la tabla `notificaciones`
--

CREATE TABLE `notificaciones` (
  `id` bigint(20) UNSIGNED NOT NULL,
  `usuario_recibe_id` int(10) UNSIGNED NOT NULL COMMENT 'Destinatario de la notificación',
  `ficha_id` int(10) UNSIGNED DEFAULT NULL COMMENT 'Ficha que originó la notificación',
  `tipo` varchar(50) NOT NULL DEFAULT 'info' COMMENT 'info | alerta | cambio_estado',
  `titulo` varchar(150) NOT NULL DEFAULT 'Notificaci¾n',
  `mensaje` varchar(255) NOT NULL,
  `leido` tinyint(1) NOT NULL DEFAULT 0,
  `fecha_creacion` timestamp NOT NULL DEFAULT current_timestamp()
) ENGINE=InnoDB DEFAULT CHARSET=utf8mb4 COLLATE=utf8mb4_general_ci;

--
-- Volcado de datos para la tabla `notificaciones`
--

INSERT INTO `notificaciones` (`id`, `usuario_recibe_id`, `ficha_id`, `tipo`, `titulo`, `mensaje`, `leido`, `fecha_creacion`) VALUES
(1, 7, 1, 'alerta', 'Nueva Emergencia', 'Ficha #1 generada.', 0, '2026-05-27 14:46:24'),
(2, 22, 1, 'alerta', 'Nueva Emergencia', 'Ficha #1 generada.', 0, '2026-05-27 14:46:24'),
(3, 29, 1, 'alerta', 'Nueva Emergencia', 'Ficha #1 generada.', 0, '2026-05-27 14:46:24'),
(4, 1, 1, 'alerta', 'Nueva Emergencia', 'Ficha #1 generada.', 0, '2026-05-27 14:46:24'),
(5, 2, 1, 'alerta', 'Nueva Emergencia', 'Ficha #1 generada.', 0, '2026-05-27 14:46:24'),
(6, 3, 1, 'alerta', 'Nueva Emergencia', 'Ficha #1 generada.', 0, '2026-05-27 14:46:24'),
(7, 4, 1, 'alerta', 'Nueva Emergencia', 'Ficha #1 generada.', 0, '2026-05-27 14:46:24'),
(8, 6, 1, 'info', 'Nueva Ficha', 'Miguel Fernandez registró la Ficha #1.', 0, '2026-05-27 14:46:25'),
(9, 1, 1, 'info', 'Ficha en Proceso', 'Tu Ficha #1 ha pasado a \'En Proceso\' y está siendo atendida por Miguel Fernandez.', 0, '2026-05-27 14:46:38'),
(10, 2, 1, 'info', 'Ficha en Proceso', 'Tu Ficha #1 ha pasado a \'En Proceso\' y está siendo atendida por Miguel Fernandez.', 0, '2026-05-27 14:46:39'),
(11, 3, 1, 'info', 'Ficha en Proceso', 'Tu Ficha #1 ha pasado a \'En Proceso\' y está siendo atendida por Miguel Fernandez.', 0, '2026-05-27 14:46:39'),
(12, 4, 1, 'info', 'Ficha en Proceso', 'Tu Ficha #1 ha pasado a \'En Proceso\' y está siendo atendida por Miguel Fernandez.', 0, '2026-05-27 14:46:39'),
(13, 6, 1, 'info', 'Ficha Tomada: Inicio de Gestión', 'El despachador Miguel Fernandez ha tomado la Ficha #1.', 0, '2026-05-27 14:46:39'),
(14, 6, 1, 'info', 'Edición de Emergencia', 'Ficha #1 editada por Miguel Fernandez.', 0, '2026-05-27 14:46:51'),
(15, 1, 1, 'info', 'Edición de Emergencia', 'Ficha #1 editada por Miguel Fernandez.', 0, '2026-05-27 14:46:51'),
(16, 2, 1, 'info', 'Edición de Emergencia', 'Ficha #1 editada por Miguel Fernandez.', 0, '2026-05-27 14:46:51'),
(17, 3, 1, 'info', 'Edición de Emergencia', 'Ficha #1 editada por Miguel Fernandez.', 0, '2026-05-27 14:46:51'),
(18, 4, 1, 'info', 'Edición de Emergencia', 'Ficha #1 editada por Miguel Fernandez.', 0, '2026-05-27 14:46:51'),
(19, 1, 1, 'info', 'Organismo Despachado', 'Se ha despachado un organismo a tu Ficha #1.', 0, '2026-05-27 14:47:11'),
(20, 2, 1, 'info', 'Organismo Despachado', 'Se ha despachado un organismo a tu Ficha #1.', 0, '2026-05-27 14:47:12'),
(21, 3, 1, 'info', 'Organismo Despachado', 'Se ha despachado un organismo a tu Ficha #1.', 0, '2026-05-27 14:47:12'),
(22, 4, 1, 'info', 'Organismo Despachado', 'Se ha despachado un organismo a tu Ficha #1.', 0, '2026-05-27 14:47:12'),
(23, 6, 1, 'alerta', 'Nuevo Despacho', 'Organismo asignado a la Ficha #1.', 0, '2026-05-27 14:47:12');

-- --------------------------------------------------------

--
-- Estructura de tabla para la tabla `organismos`
--

CREATE TABLE `organismos` (
  `id` int(10) UNSIGNED NOT NULL,
  `nombre_organismo` varchar(150) NOT NULL,
  `Descripcion` varchar(256) NOT NULL,
  `estado` tinyint(1) DEFAULT 1
) ENGINE=InnoDB DEFAULT CHARSET=utf8mb4 COLLATE=utf8mb4_general_ci;

--
-- Volcado de datos para la tabla `organismos`
--

INSERT INTO `organismos` (`id`, `nombre_organismo`, `Descripcion`, `estado`) VALUES
(1, 'POLICIA DEL ESTADO CARABOBO', 'Organismo POLICIA DEL ESTADO CARABOBO', 1),
(2, 'CPNB', 'Organismo CPNB', 1),
(3, 'POLICIA MUNICIPAL DE MORON', 'Organismo POLICIA MUNICIPAL DE MORON', 1),
(4, 'GNB', 'Organismo GNB', 1),
(5, 'POLICIA MUNCIPAL DE PUERTO CABELLO', 'Organismo POLICIA MUNCIPAL DE PUERTO CABELLO', 1),
(6, 'POLICIA MUNICIPAL DIEGO IBARRA', 'Organismo POLICIA MUNICIPAL DIEGO IBARRA', 1),
(7, 'POLICIA MUNICIPAL SAN JOAQUIN', 'Organismo POLICIA MUNICIPAL SAN JOAQUIN', 1),
(8, 'POLICIA MUNICPAL DE GUACARA', 'Organismo POLICIA MUNICPAL DE GUACARA', 1),
(9, 'POLICIA MUNICIPAL SAN DIEGO', 'Organismo POLICIA MUNICIPAL SAN DIEGO', 1),
(10, 'POLICIA MUNICIPAL DE LOS GUAYOS', 'Organismo POLICIA MUNICIPAL DE LOS GUAYOS', 1),
(11, 'POLICIA MUNICIPAL CARLOS ARVELO', 'Organismo POLICIA MUNICIPAL CARLOS ARVELO', 1),
(12, 'POLICIA MUNICIPAL DE VALENCIA', 'Organismo POLICIA MUNICIPAL DE VALENCIA', 1),
(13, 'CICPC', 'Organismo CICPC', 1),
(14, 'POLICIA MUNCIPAL DE NAGUANAGUA', 'Organismo POLICIA MUNCIPAL DE NAGUANAGUA', 1),
(15, 'POLICIA MUNICIPAL DE LIBERTADOR', 'Organismo POLICIA MUNICIPAL DE LIBERTADOR', 1),
(16, 'POLICIA MUNICIPAL DE BEJUMA', 'Organismo POLICIA MUNICIPAL DE BEJUMA', 1),
(17, 'POLICIA MUNICIPAL DE MIRANDA', 'Organismo POLICIA MUNICIPAL DE MIRANDA', 1);

-- --------------------------------------------------------

--
-- Estructura de tabla para la tabla `parroquias`
--

CREATE TABLE `parroquias` (
  `id` int(10) UNSIGNED NOT NULL,
  `municipio_id` int(10) UNSIGNED NOT NULL,
  `nombre_parroquia` varchar(100) NOT NULL,
  `Descripcion` varchar(256) NOT NULL,
  `estado` tinyint(1) DEFAULT 1
) ENGINE=InnoDB DEFAULT CHARSET=utf8mb4 COLLATE=utf8mb4_general_ci;

--
-- Volcado de datos para la tabla `parroquias`
--

INSERT INTO `parroquias` (`id`, `municipio_id`, `nombre_parroquia`, `Descripcion`, `estado`) VALUES
(1, 1, 'URAMA', 'Parroquia URAMA', 1),
(2, 1, 'MORON', 'Parroquia MORON', 1),
(3, 2, 'JUAN JOSÉ FLORES', 'Parroquia JUAN JOSÉ FLORES', 1),
(4, 2, 'FRATERNIDAD', 'Parroquia FRATERNIDAD', 1),
(5, 2, 'BARTOLOME SALOM', 'Parroquia BARTOLOME SALOM', 1),
(6, 2, 'GOAIGOAZA', 'Parroquia GOAIGOAZA', 1),
(7, 2, 'DEMOCRACIA', 'Parroquia DEMOCRACIA', 1),
(8, 2, 'BORBURATA', 'Parroquia BORBURATA', 1),
(9, 2, 'PATANEMO', 'Parroquia PATANEMO', 1),
(10, 3, 'AGUAS CALIENTES', 'Parroquia AGUAS CALIENTES', 1),
(11, 3, 'MARIARA', 'Parroquia MARIARA', 1),
(12, 4, 'SAN JOAQUIN', 'Parroquia SAN JOAQUIN', 1),
(13, 5, 'GUACARA', 'Parroquia GUACARA', 1),
(14, 5, 'YAGUA', 'Parroquia YAGUA', 1),
(15, 5, 'CIUDAD ALIANZA', 'Parroquia CIUDAD ALIANZA', 1),
(16, 6, 'SAN DIEGO', 'Parroquia SAN DIEGO', 1),
(17, 7, 'LOS GUAYOS', 'Parroquia LOS GUAYOS', 1),
(18, 8, 'BELEN', 'Parroquia BELEN', 1),
(19, 8, 'GUIGUE', 'Parroquia GUIGUE', 1),
(20, 8, 'TACARIGUA', 'Parroquia TACARIGUA', 1),
(21, 9, 'NEGRO PRIMERO', 'Parroquia NEGRO PRIMERO', 1),
(22, 9, 'MIGUEL PEÑA', 'Parroquia MIGUEL PEÑA', 1),
(23, 9, 'SANTA ROSA', 'Parroquia SANTA ROSA', 1),
(24, 9, 'RAFAEL URDANETA', 'Parroquia RAFAEL URDANETA', 1),
(25, 9, 'SAN BLAS', 'Parroquia SAN BLAS', 1),
(26, 9, 'CATEDRAL', 'Parroquia CATEDRAL', 1),
(27, 9, 'CANDELARIA', 'Parroquia CANDELARIA', 1),
(28, 9, 'SAN JOSÉ', 'Parroquia SAN JOSÉ', 1),
(29, 10, 'NAGUANAGUA', 'Parroquia NAGUANAGUA', 1),
(30, 11, 'TOCUYITO', 'Parroquia TOCUYITO', 1),
(31, 11, 'INDEPENDENCIA', 'Parroquia INDEPENDENCIA', 1),
(32, 12, 'CANOABO', 'Parroquia CANOABO', 1),
(33, 12, 'SIMON BOLIVAR', 'Parroquia SIMON BOLIVAR', 1),
(34, 12, 'BEJUMA', 'Parroquia BEJUMA', 1),
(35, 13, 'MONTALBAN', 'Parroquia MONTALBAN', 1),
(36, 14, 'MIRANDA', 'Parroquia MIRANDA', 1);

-- --------------------------------------------------------

--
-- Estructura de tabla para la tabla `permisos`
--

CREATE TABLE `permisos` (
  `id` int(10) UNSIGNED NOT NULL,
  `modulo_id` int(10) UNSIGNED NOT NULL,
  `clave` varchar(50) NOT NULL COMMENT 'ver, crear, editar, cambiar_estado, gestionar',
  `descripcion` varchar(100) NOT NULL
) ENGINE=InnoDB DEFAULT CHARSET=utf8mb4 COLLATE=utf8mb4_general_ci;

--
-- Volcado de datos para la tabla `permisos`
--

INSERT INTO `permisos` (`id`, `modulo_id`, `clave`, `descripcion`) VALUES
(1, 1, 'ver', 'Ver lista de usuarios'),
(2, 1, 'crear', 'Crear nuevos usuarios'),
(3, 1, 'editar', 'Editar información de usuarios'),
(4, 1, 'cambiar_estado', 'Activar o desactivar usuarios'),
(5, 1, 'gestionar', 'Gestión completa del módulo de usuarios'),
(6, 2, 'ver', 'Ver fichas de emergencia'),
(7, 2, 'crear', 'Crear nuevas fichas'),
(8, 2, 'editar', 'Editar fichas existentes'),
(9, 2, 'cambiar_estado', 'Cambiar estado de una ficha'),
(10, 2, 'gestionar', 'Gestión completa de fichas'),
(11, 3, 'ver', 'Ver despachos activos'),
(12, 3, 'crear', 'Crear un despacho a organismo'),
(13, 3, 'editar', 'Editar información de despacho'),
(14, 3, 'cambiar_estado', 'Cambiar estado de despacho'),
(15, 3, 'gestionar', 'Gestión completa de despachos'),
(16, 4, 'ver', 'Ver el historial de auditoría del sistema'),
(17, 5, 'ver', 'Acceder a reportes y estadísticas'),
(18, 6, 'gestionar', 'Acceso completo a la configuración del sistema');

-- --------------------------------------------------------

--
-- Estructura de tabla para la tabla `preguntas_seguridad`
--

CREATE TABLE `preguntas_seguridad` (
  `id` int(10) UNSIGNED NOT NULL,
  `pregunta` varchar(255) NOT NULL
) ENGINE=InnoDB DEFAULT CHARSET=utf8mb4 COLLATE=utf8mb4_general_ci;

--
-- Volcado de datos para la tabla `preguntas_seguridad`
--

INSERT INTO `preguntas_seguridad` (`id`, `pregunta`) VALUES
(1, 'ejemplo 2?\r\n'),
(2, 'ejemplo 1?\r\n');

-- --------------------------------------------------------

--
-- Estructura de tabla para la tabla `roles`
--

CREATE TABLE `roles` (
  `id` int(10) UNSIGNED NOT NULL,
  `nombre` varchar(30) NOT NULL
) ENGINE=InnoDB DEFAULT CHARSET=utf8mb4 COLLATE=utf8mb4_general_ci;

--
-- Volcado de datos para la tabla `roles`
--

INSERT INTO `roles` (`id`, `nombre`) VALUES
(1, 'Administrador'),
(3, 'Despachador'),
(4, 'Jefatura'),
(2, 'Operador');

-- --------------------------------------------------------

--
-- Estructura de tabla para la tabla `rol_permiso`
--

CREATE TABLE `rol_permiso` (
  `rol_id` int(10) UNSIGNED NOT NULL,
  `permiso_id` int(10) UNSIGNED NOT NULL
) ENGINE=InnoDB DEFAULT CHARSET=utf8mb4 COLLATE=utf8mb4_general_ci;

--
-- Volcado de datos para la tabla `rol_permiso`
--

INSERT INTO `rol_permiso` (`rol_id`, `permiso_id`) VALUES
(1, 1),
(1, 2),
(1, 3),
(1, 4),
(1, 5),
(1, 6),
(1, 7),
(1, 8),
(1, 9),
(1, 10),
(1, 11),
(1, 12),
(1, 13),
(1, 14),
(1, 15),
(1, 16),
(1, 17),
(1, 18),
(2, 6),
(2, 7),
(3, 6),
(3, 8),
(3, 9),
(3, 11),
(3, 12),
(3, 13),
(3, 14),
(4, 6),
(4, 11),
(4, 16),
(4, 17);

-- --------------------------------------------------------

--
-- Estructura de tabla para la tabla `sectores`
--

CREATE TABLE `sectores` (
  `id` int(10) UNSIGNED NOT NULL,
  `comuna_id` int(10) UNSIGNED NOT NULL,
  `nombre_sector` varchar(150) NOT NULL,
  `descripcion` varchar(256) DEFAULT NULL,
  `estado` tinyint(1) DEFAULT 1
) ENGINE=InnoDB DEFAULT CHARSET=utf8mb4 COLLATE=utf8mb4_general_ci;

--
-- Volcado de datos para la tabla `sectores`
--

INSERT INTO `sectores` (`id`, `comuna_id`, `nombre_sector`, `descripcion`, `estado`) VALUES
(1, 1, 'SECTOR SANGUIJUELA SAMAN 2', NULL, 1),
(2, 1, 'SAN JOSE', NULL, 1),
(3, 1, 'EL SALADO', NULL, 1),
(4, 1, 'LOS ALMENDRONESM CASCO DE URAMA', NULL, 1),
(5, 1, 'CARAQUITA', NULL, 1),
(6, 1, 'LA JOBERA', NULL, 1),
(7, 1, 'CANOABITO DE LA COSTA. EL SAMAN LAS AUYAMAS', NULL, 1),
(8, 1, 'GUAREMAL DE LA COSTA', NULL, 1),
(9, 1, 'LA LUNA', NULL, 1),
(10, 1, 'EL CHARAL', NULL, 1),
(11, 1, 'LOS ROBALOS', NULL, 1),
(12, 1, 'SAN PABLO DE URAMA', NULL, 1),
(13, 1, 'EL BEGOTE', NULL, 1),
(14, 2, 'EL CAIMITO DEL GUARATARO', NULL, 1),
(15, 2, '12 DE OCTUBRE', NULL, 1),
(16, 2, 'ALPARGATON LA MONTAÑITA', NULL, 1),
(17, 2, 'MARIA LAS VEGAS', NULL, 1),
(18, 2, 'EL MANGO ALPARGATON', NULL, 1),
(19, 2, 'RANCHO GRANDE', NULL, 1),
(20, 2, 'UNION LA GRANJA', NULL, 1),
(21, 2, 'RIO ABAJO', NULL, 1),
(22, 2, 'TIO CONEJO', NULL, 1),
(23, 3, 'LA VICTORIA 21', NULL, 1),
(24, 3, 'COVETRA', NULL, 1),
(25, 3, 'EL PARAISO', NULL, 1),
(26, 3, 'CAÑON NEGRO', NULL, 1),
(27, 3, 'JOSE FELIX MORA EL MINUTO', NULL, 1),
(28, 3, 'FELIPE C TOVAR', NULL, 1),
(29, 3, 'COLINAS 3 DE MAYO', NULL, 1),
(30, 3, 'SIMON BOLIVAR 251', NULL, 1),
(31, 3, 'TERRAZAS EL PARAISO', NULL, 1),
(32, 3, 'LA ESPERANZA', NULL, 1),
(33, 4, 'BRISAS DE SAN DIEGO', NULL, 1),
(34, 4, 'SAN DIEGO', NULL, 1),
(35, 4, 'EL CARMEN', NULL, 1),
(36, 4, 'LAS PARCELAS', NULL, 1),
(37, 4, 'VALLE VERDE II', NULL, 1),
(38, 4, 'VALLE VERDE I', NULL, 1),
(39, 4, 'URB BARRIO CORO', NULL, 1),
(40, 4, 'TINECO', NULL, 1),
(41, 4, 'SECTOR CEMENTERIO VIEJO LINEA 2', NULL, 1),
(42, 4, 'PIONERO JUAN B', NULL, 1),
(43, 4, 'REINA CEDEÑO', NULL, 1),
(44, 4, 'EL TRAPICHE', NULL, 1),
(45, 4, 'EL MAMON', NULL, 1),
(46, 4, 'EL JABILLO II', NULL, 1),
(47, 5, 'BLOQUE 1 2 3', NULL, 1),
(48, 5, 'GUANABALITO', NULL, 1),
(49, 5, 'CASCO DE MORON ALI RODRIGUEZ', NULL, 1),
(50, 5, '23 DE ENERO', NULL, 1),
(51, 5, 'URB SANTA ANA', NULL, 1),
(52, 5, 'UNIDOS POR SANTA RITA', NULL, 1),
(53, 5, 'BANCO OBRERO VIEJO SECTOR 1', NULL, 1),
(54, 5, 'BANCO OBRERO NUEVO', NULL, 1),
(55, 5, 'FUNDAMORON', NULL, 1),
(56, 6, 'VILLA HERMOSA', NULL, 1),
(57, 6, 'EL DIQUE', NULL, 1),
(58, 6, '19 DE DICIEMBRE', NULL, 1),
(59, 6, 'VIVIENDA POPULAR', NULL, 1),
(60, 6, 'BARRIO LAS AMAZONAS', NULL, 1),
(61, 6, 'COLINA DE MARA 2', NULL, 1),
(62, 6, 'BARRIO LAS COLINAS', NULL, 1),
(63, 6, 'COLINAS DE PEQUIVEN', NULL, 1),
(64, 6, 'LA PEDRERA', NULL, 1),
(65, 7, 'EL SAMAN', NULL, 1),
(66, 7, 'EL JABILLO I', NULL, 1),
(67, 7, 'BARRIO UNION', NULL, 1),
(68, 7, 'LA CHARNECA', NULL, 1),
(69, 7, 'BARRIO ALEGRE', NULL, 1),
(70, 7, 'LA VOLKSWAGEN', NULL, 1),
(71, 7, 'SECTOR PALMA SOLA 4A LOS GANSOS', NULL, 1),
(72, 7, 'PALMA SOLA 4', NULL, 1),
(73, 7, 'PALMA SOLA 3', NULL, 1),
(74, 7, 'NUESTRA SEÑORA DE SANTA ANA', NULL, 1),
(75, 7, 'GABRIEL GUEVARA', NULL, 1),
(76, 7, 'URB POPULAR COROMOTO', NULL, 1),
(77, 7, 'JOSE FELIX RIBAS', NULL, 1),
(78, 8, 'PARAGUITA 1', NULL, 1),
(79, 8, 'PARAGUITA 2', NULL, 1),
(80, 8, 'ROBERT SERRA LOS OLIVOS', NULL, 1),
(81, 8, 'LOS OLIVOS', NULL, 1),
(82, 8, 'PALMA SOLA SECTOR 1', NULL, 1),
(83, 8, 'PAULA CORREA', NULL, 1),
(84, 8, 'PALMA SOLA 5', NULL, 1),
(85, 8, 'ESPERANZA BOLIVARIANA PALMA SOLA 6', NULL, 1),
(86, 8, 'TERRAZAS DE PALMA SOLA 7', NULL, 1),
(87, 8, 'URB EL MOLINO', NULL, 1),
(88, 8, 'BOCA DE YARACUY', NULL, 1),
(89, 9, 'EL FARO', NULL, 1),
(90, 9, 'EL VOLANTE', NULL, 1),
(91, 9, 'PARTE BAJA', NULL, 1),
(92, 9, 'MARITZA LANDINI', NULL, 1),
(93, 9, 'EL MIRADOR', NULL, 1),
(94, 9, 'SANTA LUCIA', NULL, 1),
(95, 9, 'PALITO PLAYA', NULL, 1),
(96, 9, 'PALITO PARTE ALTA', NULL, 1),
(97, 10, 'LOS SAMANES', NULL, 1),
(98, 10, 'SAN JOSE OBRERO', NULL, 1),
(99, 10, 'UD1 Y UD3 UVA DE PLAYA', NULL, 1),
(100, 10, 'UD4 BICENTENARIO', NULL, 1),
(101, 10, 'LOS BUCARES 1 Y 2', NULL, 1),
(102, 11, 'MORILLO PARTE BAJA', NULL, 1),
(103, 11, 'ANZOATEGUI', NULL, 1),
(104, 11, 'EZEQUIEL ZAMORA', NULL, 1),
(105, 11, 'EL NUEVO RENACER DE CHAVEZ', NULL, 1),
(106, 11, 'LOS LANCEROS SOCIALISTA', NULL, 1),
(107, 11, 'UNION Y FORTALEZA', NULL, 1),
(108, 11, 'JOSE GREGORIO HERNANDEZ', NULL, 1),
(109, 11, 'LANCEROS II', NULL, 1),
(110, 11, 'LOS VALIENTES', NULL, 1),
(111, 11, 'SIMON BOLIVAR', NULL, 1),
(112, 11, 'INDEPENDENCIA Y PATRIA SOCIALISTA', NULL, 1),
(113, 12, 'VIVAS LOPEZ Y BARTOLOME SALOMI Y II', NULL, 1),
(114, 12, 'PORTUARIO II', NULL, 1),
(115, 12, 'PORTUARIO I', NULL, 1),
(116, 12, 'LEONARDO RUIZ PINEDA', NULL, 1),
(117, 12, 'LA LINEA', NULL, 1),
(118, 12, 'LIBERTADOR CALLE 28 Y 29', NULL, 1),
(119, 12, 'SUEÑOS DE MI PARROQUIA', NULL, 1),
(120, 12, 'BRAVO LIBERTADORES', NULL, 1),
(121, 12, 'LA RINCONADA PARTE ALTA LIBERTAD', NULL, 1),
(122, 12, 'EL POLERO', NULL, 1),
(123, 13, 'BARRIO UNION', NULL, 1),
(124, 13, '23 DE ENERO', NULL, 1),
(125, 13, 'UNIVERSITARIO PARTE ALTA', NULL, 1),
(126, 13, 'UNIVERSITARIO PARTE BAJA', NULL, 1),
(127, 13, 'ANDRES ELOY BLANCO', NULL, 1),
(128, 13, 'SORPRESA 2', NULL, 1),
(129, 13, 'RAMON BAUTISTA', NULL, 1),
(130, 13, 'SANTA ROSA DE LIMA', NULL, 1),
(131, 14, 'ELVIRA NUMERO 1', NULL, 1),
(132, 14, 'ELVIRA NUMERO 2', NULL, 1),
(133, 14, 'ELVIRA NUMERO 3', NULL, 1),
(134, 14, 'ELVIRA NUMERO 4', NULL, 1),
(135, 14, 'MELANIA DE MELENDEZ', NULL, 1),
(136, 14, 'RIO VIEJO', NULL, 1),
(137, 14, 'LOS ROSALES NUMERO 2', NULL, 1),
(138, 14, 'FRANCISCO DE MIRANDA', NULL, 1),
(139, 15, 'EL MILAGRO 1', NULL, 1),
(140, 15, 'EL MILAGRITO', NULL, 1),
(141, 15, 'LA BELISA', NULL, 1),
(142, 15, 'BARTOLOME SALOM 1', NULL, 1),
(143, 15, 'BARRIO BARTOLOME SALOM II', NULL, 1),
(144, 15, 'BARTOLOME SALOM III', NULL, 1),
(145, 15, 'BARRIO ESCONDIDO', NULL, 1),
(146, 15, 'LAS TRES TORRES', NULL, 1),
(147, 16, 'MIRANDA', NULL, 1),
(148, 16, 'PARALELO 38', NULL, 1),
(149, 16, 'ESFUERZO COMUNITARIO', NULL, 1),
(150, 16, 'SAN MILLAN', NULL, 1),
(151, 16, 'JUAN ANTONIO SEGRESTAD', NULL, 1),
(152, 16, 'LA SULTANA', NULL, 1),
(153, 16, 'GABRIEL GUEVARA', NULL, 1),
(154, 16, 'ROMULO GALLEGOS', NULL, 1),
(155, 16, 'CASCO HISTORICO', NULL, 1),
(156, 16, 'UNION CENTRO', NULL, 1),
(157, 17, 'LUISA CACERES DE ARISMENDI', NULL, 1),
(158, 17, 'NEGRO PRIMERO', NULL, 1),
(159, 17, 'LA PEDRERA SALOM', NULL, 1),
(160, 17, 'EL GIGANTE CHAVEZ', NULL, 1),
(161, 17, '5 DE JULIO', NULL, 1),
(162, 17, 'ANTONIO JOSE DE SUCRE', NULL, 1),
(163, 17, 'POLVORIN AVANZA', NULL, 1),
(164, 17, 'BARRIO 1 DE JUNIO', NULL, 1),
(165, 17, 'TROPEZON', NULL, 1),
(166, 17, 'BARTOLOME SALOM', NULL, 1),
(167, 17, 'GENERAL RAFAEL URDANETA', NULL, 1),
(168, 18, 'PUNTA BRAVA', NULL, 1),
(169, 18, 'PUERTO NUEVO', NULL, 1),
(170, 18, 'PUEBLO NUEVO', NULL, 1),
(171, 18, 'CAJA DE AGUA SALOM', NULL, 1),
(172, 18, 'V.R.B. TEJERIAS', NULL, 1),
(173, 18, 'RENATO BELUCHE', NULL, 1),
(174, 18, 'SIMON BOLIVAR', NULL, 1),
(175, 18, 'EL GRAN EZEQUIEL ZAMORA', NULL, 1),
(176, 18, 'PIEDRA BLANCA', NULL, 1),
(177, 18, 'COLINAS DE VALLE SECO', NULL, 1),
(178, 18, 'BRISAS DE VALLE SECO', NULL, 1),
(179, 19, 'JOSEFA JOAQUINA SANCHEZ (24 DE JUNIO)', NULL, 1),
(180, 19, 'LOS CEDROS', NULL, 1),
(181, 19, 'MANUELA SAEZ', NULL, 1),
(182, 19, 'EL FORTIN', NULL, 1),
(183, 19, 'EL ESFUERZO', NULL, 1),
(184, 19, 'SANTO QUIROZ', NULL, 1),
(185, 19, 'EL GRAN RENACER DE LA REVOLUCION', NULL, 1),
(186, 19, 'CRISTOBAL MENDOZA', NULL, 1),
(187, 19, 'BICENTENARIO 19 DE ABRIL', NULL, 1),
(188, 19, 'SAMAN DE GUERE', NULL, 1),
(189, 19, 'LOS JABILLOS', NULL, 1),
(190, 20, 'EL BOSQUE', NULL, 1),
(191, 20, 'VALLE DE SAN ESTEBAN', NULL, 1),
(192, 20, 'AUGUSTO BRANDT', NULL, 1),
(193, 20, 'COMUNAL II', NULL, 1),
(194, 20, 'LA VAQUERA', NULL, 1),
(195, 20, 'VILLAS DEL VALLE', NULL, 1),
(196, 20, 'LA GRACIA DE CRISTO', NULL, 1),
(197, 21, 'ALTOS DE SAN ESTEBAN', NULL, 1),
(198, 21, 'LA TOMA', NULL, 1),
(199, 21, 'SAN ESTEBAN PUEBLO LAS 14', NULL, 1),
(200, 21, 'AVE FENIX', NULL, 1),
(201, 21, 'PEDRO LEON TORRES', NULL, 1),
(202, 21, 'EL PALMAR', NULL, 1),
(203, 21, 'VALLE PITIGUAO 2', NULL, 1),
(204, 21, 'SANTA TECLA', NULL, 1),
(205, 22, 'LAS MERCEDES', NULL, 1),
(206, 22, 'URBANIZACION LAS CORINAS SECTOR 1', NULL, 1),
(207, 22, 'VILLA ENCANTADA', NULL, 1),
(208, 22, 'URBANIZACION LA PLANTA SECTOR CORINA', NULL, 1),
(209, 22, 'CORAZON DE MI PATRIA', NULL, 1),
(210, 22, 'URBANIZACION LA LAGUNA', NULL, 1),
(211, 22, 'JEHOVA EL GRAN SOY YO', NULL, 1),
(212, 22, 'ESFUERZO BOLIVARIANO', NULL, 1),
(213, 22, 'CORINA E', NULL, 1),
(214, 22, 'SAN ANTONIO DE PADUA', NULL, 1),
(215, 22, 'CORINA II', NULL, 1),
(216, 22, 'VILLA DE PLATA', NULL, 1),
(217, 22, 'DIVINO NIÑO', NULL, 1),
(218, 22, '05 DE AGOSTO', NULL, 1),
(219, 22, 'MAISANTA', NULL, 1),
(220, 22, 'PARA LA GLORIA DE DIOS LOS VENCEDORES', NULL, 1),
(221, 22, 'SIMON RODRIGUEZ', NULL, 1),
(222, 22, 'BRISAS CACERES DE ARISMENDI', NULL, 1),
(223, 22, 'LAS LLAVES', NULL, 1),
(224, 22, 'CORINA 1 SECTOR 2', NULL, 1),
(225, 22, 'EL SAMAN', NULL, 1),
(226, 23, 'RAFAEL TOÑO RAMOS', NULL, 1),
(227, 23, 'LAS MANOS DE DIOS', NULL, 1),
(228, 23, 'LOS VENCEDORES VANGUARDISTAS', NULL, 1),
(229, 23, 'BICENTENARIO 19 DE ABRIL', NULL, 1),
(230, 23, 'GENERAL JOSE TADEO MONAGAS', NULL, 1),
(231, 23, 'MARIA TERESA BRAND', NULL, 1),
(232, 23, 'CUMBOTO II SECTOR3A', NULL, 1),
(233, 23, 'LUISA CACERES DE ARISMENDI', NULL, 1),
(234, 23, 'CUMBOTO II SECTOR 4', NULL, 1),
(235, 23, 'CUMBOTO II SECTOR 2 A', NULL, 1),
(236, 23, 'BOSQUE 11-12-13', NULL, 1),
(237, 24, 'LOS VENCEDORES DE SANTA EDUVIGES 2', NULL, 1),
(238, 24, 'LOS COCOS PARCELAS', NULL, 1),
(239, 24, 'COCO 1', NULL, 1),
(240, 24, 'MOVIMIENTO TODOS UNIDOS COCO 2', NULL, 1),
(241, 24, 'GRAN PODER DE DIOS', NULL, 1),
(242, 24, 'SECTOR 1 PARTE 3', NULL, 1),
(243, 24, 'BOLIVAR Y CAHVEZ POR SIEMPRE', NULL, 1),
(244, 24, 'DIOS CON NOSOTROS', NULL, 1),
(245, 24, 'SANTA CRUZ SECTOR 2', NULL, 1),
(246, 24, 'SANTA EDUVIGES SECTOR 8', NULL, 1),
(247, 24, 'COMANDANTE HUGO CHAVEZ', NULL, 1),
(248, 24, 'SANTA ROSA A PASO DE VENCEDORES', NULL, 1),
(249, 24, 'SANTA BARBARA', NULL, 1),
(250, 25, 'JESUS DE NAZARETH', NULL, 1),
(251, 25, 'LIBERTAD PARA LA COMUNA', NULL, 1),
(252, 25, 'SANTIAGO MARIÑO', NULL, 1),
(253, 25, 'COLINAS DE SANTA CRUZ SECTOR 43-42', NULL, 1),
(254, 25, 'ALI PRIMERA COLINAS DE SAN', NULL, 1),
(255, 25, 'COLINAS DE SANTA CRUZ I', NULL, 1),
(256, 25, 'COLINAS DE SANTA CRUZ II', NULL, 1),
(257, 25, 'UNION 24 DE JUNIO', NULL, 1),
(258, 26, 'SANTA CRUZ LA POPULAR SECTOR 3', NULL, 1),
(259, 26, 'BICENTENRIO 2010', NULL, 1),
(260, 26, 'UNIDOS VENCEDORES DEL SECTOR 3', NULL, 1),
(261, 26, 'SANTA CRUZ SECTOR 6 LOTE 1', NULL, 1),
(262, 26, 'COMUNITARIA PROTAGONISTA Y SOCIALISTA', NULL, 1),
(263, 26, 'GREGORIA MONTEVERDE', NULL, 1),
(264, 26, 'SANTA CRUZ SECTOR 7 PARTE A', NULL, 1),
(265, 26, 'AGUSTIN ARMARIO 7B', NULL, 1),
(266, 26, 'COLINA DE SANTA CRUZ SECTOR 3', NULL, 1),
(267, 26, 'SANTA CRUZ  SECTOR 9', NULL, 1),
(268, 26, 'BRISA DE SANTA CRUZ', NULL, 1),
(269, 26, 'ALI PRIMERA', NULL, 1),
(270, 26, 'EL MIRADOR 2021', NULL, 1),
(271, 27, 'EL CARMEN LAS CARPAS', NULL, 1),
(272, 27, 'COMUNIDAD MIQUIJA', NULL, 1),
(273, 27, 'LIBERTADOR', NULL, 1),
(274, 27, 'VILLA ASTRID', NULL, 1),
(275, 27, 'SAN JOSE DE CARICUAO', NULL, 1),
(276, 27, 'CALLEJON LA PAZ', NULL, 1),
(277, 27, 'LA POZA DE MANTUANO', NULL, 1),
(278, 27, 'SAN JOSE DE GABRIELITO', NULL, 1),
(279, 27, 'GOAIGOAZA PUEBLO', NULL, 1),
(280, 27, 'SAN LORENZO', NULL, 1),
(281, 27, 'PODER POPULAR 2021', NULL, 1),
(282, 27, 'CARIAPRIMA', NULL, 1),
(283, 27, 'ASENTAMIENTO CAMPESINO SANTA ROSALINDA PARAPETO', NULL, 1),
(284, 28, 'BRISAS DEL OASIS', NULL, 1),
(285, 28, 'LOS NARANJOS', NULL, 1),
(286, 28, 'LA DIVINA PASTORA II', NULL, 1),
(287, 28, 'LOMA LINDA', NULL, 1),
(288, 28, 'NUESTRA SEÑORA DEL SOCORRO', NULL, 1),
(289, 28, 'COLINAS DE NUESTRA TABORDA', NULL, 1),
(290, 28, 'VENCEDORES DE LAS BARRERAS', NULL, 1),
(291, 28, 'NUEVA TABORDA', NULL, 1),
(292, 28, 'OBRA DE DIOS', NULL, 1),
(293, 28, 'AUGUSTO PINAUD', NULL, 1),
(294, 28, 'VIEJA TABORDA', NULL, 1),
(295, 28, 'TABORDA VIEJA OESTE', NULL, 1),
(296, 28, 'LOMAS DE TABORDA', NULL, 1),
(297, 29, 'LA CANDELARIA', NULL, 1),
(298, 29, 'EL PEAJE', NULL, 1),
(299, 29, 'LA UNIDAD', NULL, 1),
(300, 29, 'CARLOS FELIPE II', NULL, 1),
(301, 29, 'ARBOL DE LAS TRES RAICES', NULL, 1),
(302, 29, 'NUEVO AMANECER', NULL, 1),
(303, 29, 'CAMPESINO LA CORONA', NULL, 1),
(304, 29, 'EL CASTAÑO', NULL, 1),
(305, 29, 'EL SAMAN', NULL, 1),
(306, 29, 'EL VALLE', NULL, 1),
(307, 29, 'PUEBLO NUEVO EL CAMBUR', NULL, 1),
(308, 29, 'LA PROVIDENCIA', NULL, 1),
(309, 29, 'MATA DE PIEDRA', NULL, 1),
(310, 29, 'COMUNIDAD CON FUERZA', NULL, 1),
(311, 30, 'GAÑANGO SUR', NULL, 1),
(312, 30, 'GAÑANGO NORTE', NULL, 1),
(313, 30, 'AGROTURISTICO LA MORA', NULL, 1),
(314, 30, 'PADRE PADILLA', NULL, 1),
(315, 30, 'LAS HACIENDAS', NULL, 1),
(316, 30, 'UNION EL MANGLAR', NULL, 1),
(317, 30, 'LA PLANTA', NULL, 1),
(318, 30, 'EL ROSARIO', NULL, 1),
(319, 31, 'EL PUEBLO', NULL, 1),
(320, 31, 'PRIMAVERA', NULL, 1),
(321, 31, 'LOS CANEYES', NULL, 1),
(322, 31, 'LOS OLIVOS', NULL, 1),
(323, 31, '19 DE ABRIL', NULL, 1),
(324, 31, 'BRISAS DEL MAR', NULL, 1),
(325, 31, 'SANTA RITA', NULL, 1),
(326, 32, 'JOSE GREGORIO HERNANDEZ', NULL, 1),
(327, 32, 'VILLA DE SAN MIGUEL', NULL, 1),
(328, 32, '10 DE OCTUBRE LA CABRERA 1', NULL, 1),
(329, 32, 'LA CABRERA 2', NULL, 1),
(330, 32, 'BARRIO NUEVO LA CABRERA', NULL, 1),
(331, 32, 'PUNTA PALMITA 1', NULL, 1),
(332, 32, 'PUNTA PALMITA 2', NULL, 1),
(333, 33, 'MEDARDO RAMOS 1 Y 2', NULL, 1),
(334, 33, 'SAN LUIS VENCEDORES', NULL, 1),
(335, 33, 'URB POPULAR BICENTENARIO', NULL, 1),
(336, 33, 'URB POPULAR VILLA DEL CARMEN', NULL, 1),
(337, 33, 'NATALICIO SAN JOSE LOS GIRASOLES', NULL, 1),
(338, 33, 'LAS HUERTAS', NULL, 1),
(339, 33, 'EL LIMONAL', NULL, 1),
(340, 33, 'EL BOSQUE', NULL, 1),
(341, 33, 'LA GUARICHA', NULL, 1),
(342, 33, 'VISTA HERMOSA', NULL, 1),
(343, 34, 'SECTOR TEQUENDAMA', NULL, 1),
(344, 34, 'AGUAS CALIENTES NORTE', NULL, 1),
(345, 34, '1ERO DE MAYO', NULL, 1),
(346, 34, '17 DE DICIEMBRE', NULL, 1),
(347, 34, 'AGUAS CALIENTES SUR', NULL, 1),
(348, 34, 'EL MIRADOR', NULL, 1),
(349, 34, 'PARCELAMIENTO AGRICOLA LA GUARICHA', NULL, 1),
(350, 34, '13 DE NOVIEMBRE', NULL, 1),
(351, 34, 'EL SAMAN 663', NULL, 1),
(352, 34, 'HUMBERTO CELLI 0.5', NULL, 1),
(353, 34, 'HUMBERTO CELLI 520', NULL, 1),
(354, 34, 'HUMBERTO CELLI 24 DE JUNIO', NULL, 1),
(355, 34, 'VENCEDORES DE VISTA ALEGRE', NULL, 1),
(356, 34, 'VISTA ALEGRE 345', NULL, 1),
(357, 34, 'EL CUJIZAL', NULL, 1),
(358, 34, 'EL RENACIMIENTO', NULL, 1),
(359, 34, 'NUEVA VICTORIA', NULL, 1),
(360, 34, 'LA OCTAVA ESTRELLA', NULL, 1),
(361, 34, 'ROSAINES 1', NULL, 1),
(362, 34, 'LA VUELTAS 0.62', NULL, 1),
(363, 35, 'MARISCAL SUCRE 21', NULL, 1),
(364, 35, 'MARISCAL SUCRE 22', NULL, 1),
(365, 35, 'MARISCAL SUCRE 23', NULL, 1),
(366, 35, 'MARISCAL SUCRE 24', NULL, 1),
(367, 35, 'MARISCAL SUCRE 25', NULL, 1),
(368, 35, 'MARISCAL SUCRE 26', NULL, 1),
(369, 35, 'VISTA ALEGRE 4501', NULL, 1),
(370, 36, 'FELIX EDUARDO NAVARRO', NULL, 1),
(371, 36, 'LOS CHAGUARMOS', NULL, 1),
(372, 36, 'CORAZON DE JESUS', NULL, 1),
(373, 36, 'LA JUVENTUD', NULL, 1),
(374, 36, 'OSCAR CELLI', NULL, 1),
(375, 36, 'TAMARINDO C', NULL, 1),
(376, 36, 'URB LA ESPERANZA', NULL, 1),
(377, 36, 'SAN JUAN BAUTISTA', NULL, 1),
(378, 36, 'TAMARINDO A Y B', NULL, 1),
(379, 36, 'EL DELEITE', NULL, 1),
(380, 36, 'UNION PETROCASAS', NULL, 1),
(381, 36, 'DELEITE RURAL 1', NULL, 1),
(382, 36, 'DELEITE 2', NULL, 1),
(383, 37, 'URB LAS BRISAS', NULL, 1),
(384, 37, 'SAN JOSE', NULL, 1),
(385, 37, 'PUEBLO NUEVO', NULL, 1),
(386, 37, 'LA TOMA', NULL, 1),
(387, 37, 'LA GRAN BENDICION', NULL, 1),
(388, 37, 'NUESTRO ESFUERZO', NULL, 1),
(389, 37, '22 DE MAYO', NULL, 1),
(390, 37, 'LA FAJINA', NULL, 1),
(391, 37, '19 DE ABRIL', NULL, 1),
(392, 38, 'LA ESPERANZA FACUNDO TOVAR', NULL, 1),
(393, 38, 'LA HACIENDITA', NULL, 1),
(394, 38, 'LOS JARDINES', NULL, 1),
(395, 38, 'GUAMACHO SUR', NULL, 1),
(396, 38, 'LA ARBOLEADA', NULL, 1),
(397, 38, 'ASENTAMIEMTO CAMPESINO LOS COCOS', NULL, 1),
(398, 38, 'PRIMERO DE DICIEMBRE', NULL, 1),
(399, 38, 'LOS MANGOS', NULL, 1),
(400, 38, 'RESIDENCIAS MARIARA', NULL, 1),
(401, 38, 'DIEGO IBARRA LIBERTADOR SUR', NULL, 1),
(402, 38, 'LIBERTADOR NORTE', NULL, 1),
(403, 38, '13 DE ABRIL', NULL, 1),
(404, 38, 'LA ESPERANZA', NULL, 1),
(405, 38, 'ASENTAMIENTO CAMPESINO MARIARA', NULL, 1),
(406, 39, 'RENAER DE DIOS', NULL, 1),
(407, 39, 'EZEQUIEL ZAMORA', NULL, 1),
(408, 39, 'DEMOCRACIA I', NULL, 1),
(409, 39, 'DEMOCRACIA II', NULL, 1),
(410, 39, 'GUAMACHO NORTE', NULL, 1),
(411, 39, 'LAS FLORES', NULL, 1),
(412, 39, 'NUEVA GENERACION EL CARMEN II', NULL, 1),
(413, 39, 'LAS COCUIZAS', NULL, 1),
(414, 39, 'RENACER DEL SUR', NULL, 1),
(415, 39, 'AZULES DEL NORTE', NULL, 1),
(416, 39, 'JUVENTUD REVOLUCIONARIA DEL CARMEN', NULL, 1),
(417, 40, 'CENTRO CENTRO', NULL, 1),
(418, 40, 'BOQUITA CENTRO', NULL, 1),
(419, 40, 'CARMEN CENTRO', NULL, 1),
(420, 40, 'SAN BERNARDO', NULL, 1),
(421, 40, 'LA CAPILLA', NULL, 1),
(422, 40, '18 DE OCTUBRE', NULL, 1),
(423, 40, 'LOS OJITOS', NULL, 1),
(424, 40, 'INDIANA NORTE', NULL, 1),
(425, 40, 'VIRGEN DEL CARMEN', NULL, 1),
(426, 40, 'LOS CASTORES', NULL, 1),
(427, 41, 'EL EREIGUE', NULL, 1),
(428, 41, 'PANAMERICANO', NULL, 1),
(429, 41, 'MANUELITA SAENZ', NULL, 1),
(430, 41, 'EL CARACARO 19 DE ABRIL', NULL, 1),
(431, 41, '23 DE ENERO', NULL, 1),
(432, 41, 'BOLIVAR', NULL, 1),
(433, 41, 'PROLONGACION MIRANDA', NULL, 1),
(434, 41, 'SANTA EDUVIGES II', NULL, 1),
(435, 41, 'LOS JABILLOS', NULL, 1),
(436, 41, 'JESUS DE NAZARETH', NULL, 1),
(437, 41, 'PALO NEGRO ESTE', NULL, 1),
(438, 41, 'GENERAL MANUEL CASTILLO CORTEZ', NULL, 1),
(439, 41, 'REMATE', NULL, 1),
(440, 41, '4 DE DICIEMBRE', NULL, 1),
(441, 42, 'BRISAS DEL LAGO', NULL, 1),
(442, 42, 'JOSE TOMAS GALLARDO B', NULL, 1),
(443, 42, 'LAS MALVINAS', NULL, 1),
(444, 42, 'JOSE TOMAS GALLARDO A', NULL, 1),
(445, 42, 'ALI PRIMERA', NULL, 1),
(446, 42, 'FUNDACION MAISANTA', NULL, 1),
(447, 42, 'VOLUNTAD DE DIOS', NULL, 1),
(448, 42, '10 DE AGOSTO', NULL, 1),
(449, 42, 'CAMPO ALEGRE I', NULL, 1),
(450, 42, 'CAMPO ALEGRE II', NULL, 1),
(451, 42, 'INDIANA SUR', NULL, 1),
(452, 42, '5 DE JULIO', NULL, 1),
(453, 43, 'CIUDADELA NEGRO PRIMERO', NULL, 1),
(454, 43, 'LA CAMACHERA', NULL, 1),
(455, 43, 'CARIAPRIMA 1 Y 2', NULL, 1),
(456, 43, 'EL LAGO', NULL, 1),
(457, 43, 'EL BANCO', NULL, 1),
(458, 43, 'VILLA ESPERANZA 200', NULL, 1),
(459, 43, 'VILLAS DEL CENTRO LAS MORAS', NULL, 1),
(460, 43, 'VILLAS DEL CENTRO 1ERA ETAPA', NULL, 1),
(461, 43, 'VILLAS DEL CENTRO 3ERA ETAPA A', NULL, 1),
(462, 43, 'GENESIS 4TA ETAPA', NULL, 1),
(463, 43, 'VILLAS DEL CENTRO 4TA ETAPA LOS SAMANES', NULL, 1),
(464, 43, 'VILLAS DEL CENTRO 3ERA ETAPA B', NULL, 1),
(465, 43, 'EL CUJINAL', NULL, 1),
(466, 43, 'FUNDO LA PALOMA', NULL, 1),
(467, 43, 'VILLA OASIS', NULL, 1),
(468, 44, 'LA CASTELLANA', NULL, 1),
(469, 44, 'GARDENIAS Y GARDEN SUIT', NULL, 1),
(470, 44, 'LOS PALOS GRANDES 1', NULL, 1),
(471, 44, 'PALOS GRANDES 2', NULL, 1),
(472, 44, 'PRODUCTIVO ALTAMIRA', NULL, 1),
(473, 44, 'GUAYABAL ABCD', NULL, 1),
(474, 44, 'GUAYABAL FHGJ', NULL, 1),
(475, 44, 'GUAYABAL E', NULL, 1),
(476, 44, 'LOS BUCARES', NULL, 1),
(477, 44, 'LOS ROBLES', NULL, 1),
(478, 44, 'APAMATES 1-30', NULL, 1),
(479, 44, 'ARAGUANEY 31 AL 62', NULL, 1),
(480, 44, 'SAMANES DEL 63 AL 70', NULL, 1),
(481, 44, 'LA ENSENADA', NULL, 1),
(482, 44, 'TIERRA DEL SOL', NULL, 1),
(483, 44, 'CERCADITO', NULL, 1),
(484, 44, 'EL REFUGIO', NULL, 1),
(485, 44, 'GARDENIAS 2', NULL, 1),
(486, 45, 'PEÑITA AGRICOLA', NULL, 1),
(487, 45, 'PEÑITA EL VIENTO', NULL, 1),
(488, 45, 'BOLIVARIANO I', NULL, 1),
(489, 45, 'BOLIVARIANA II', NULL, 1),
(490, 45, 'BRISAS DEL MAYEI', NULL, 1),
(491, 45, 'LA MORITA', NULL, 1),
(492, 45, 'VIGIRIMA CENTRO', NULL, 1),
(493, 45, 'CHAPARRAL', NULL, 1),
(494, 45, 'FLOR DE LA MANGA', NULL, 1),
(495, 45, 'CACHO MOCHO', NULL, 1),
(496, 46, 'RAMON CRUCES', NULL, 1),
(497, 46, 'DIEGO IBARRA', NULL, 1),
(498, 46, 'MATA REDONDA', NULL, 1),
(499, 46, 'LA CAMPIÑA', NULL, 1),
(500, 46, 'COLINA DE TRONCONERO', NULL, 1),
(501, 46, 'TRONCONERO', NULL, 1),
(502, 46, 'TRONCONERO NORTE', NULL, 1),
(503, 46, 'TRONCONERO SUR', NULL, 1),
(504, 46, 'VALLES DE VIGIRIMA', NULL, 1),
(505, 46, 'VILLA DEL TOCO', NULL, 1),
(506, 46, 'VALLE DEL DORADO', NULL, 1),
(507, 46, 'LA ESMERALDA LA VECINDAD', NULL, 1),
(508, 46, 'EL SISAL', NULL, 1),
(509, 46, 'AVISPERO NORTE', NULL, 1),
(510, 46, 'COLINAS DEL TOCO OJO DE AGUA', NULL, 1),
(511, 46, 'TIERRA DE LUCHADORES PETROGLIFOS OJO DE AGUA', NULL, 1),
(512, 47, 'QUEBRADA HONDA', NULL, 1),
(513, 47, 'MARACAIBERO', NULL, 1),
(514, 47, 'LOS NARANJOS', NULL, 1),
(515, 47, 'BATALLA DEL PORVENIR 24', NULL, 1),
(516, 47, 'SOCIALISTA EL LIMON', NULL, 1),
(517, 47, 'LAS MANDARINAS', NULL, 1),
(518, 47, 'LA MILAGROSA', NULL, 1),
(519, 47, 'LAS MALVINAS LOS GIRASOLES', NULL, 1),
(520, 47, 'LOS ALMENDRONES DE YAGUA', NULL, 1),
(521, 47, 'LA MANGA YAGUA', NULL, 1),
(522, 47, 'LA PRIMAVERA DE YAGUA', NULL, 1),
(523, 47, 'LOS GIRASOLES YAGUA', NULL, 1),
(524, 47, 'FRANCISCO DE MIRANDA YAGUA CENTRO', NULL, 1),
(525, 47, 'SAMAN AZUCENA', NULL, 1),
(526, 47, 'CAMPO AMOR', NULL, 1),
(527, 47, 'ALIANZA EL CABRITO LA SABANA', NULL, 1),
(528, 47, 'EL NARANJAL', NULL, 1),
(529, 47, 'ARAGUANEY PRIMERO', NULL, 1),
(530, 47, 'ARAGUANEY II', NULL, 1),
(531, 47, 'VALLES DE YAGUA', NULL, 1),
(532, 47, 'UNIDOS CON SAN ESTEBAN', NULL, 1),
(533, 47, 'LOS MANGOS', NULL, 1),
(534, 48, 'URB LOS NARANJOS', NULL, 1),
(535, 48, 'VICTORIA DE GUACARA', NULL, 1),
(536, 48, 'NEGRO PRIMERO', NULL, 1),
(537, 48, 'LA FLORESTA NORTE', NULL, 1),
(538, 48, 'VALLE DE NARANJAL', NULL, 1),
(539, 48, 'SAN RAFAEL', NULL, 1),
(540, 48, 'VILLA TARENTO', NULL, 1),
(541, 48, 'SIMON BOLIVAR NORTE', NULL, 1),
(542, 48, 'LA EMBOSCADA', NULL, 1),
(543, 48, 'PERROTE 1', NULL, 1),
(544, 48, 'MIGUEL JOSE SANZ AMBITO 2', NULL, 1),
(545, 48, 'PERROTE 3', NULL, 1),
(546, 48, 'PERROTE 4', NULL, 1),
(547, 48, 'LA ALEGRIA 2021', NULL, 1),
(548, 48, 'LOS CAOBOS EL TOCO', NULL, 1),
(549, 48, 'EL TOQUITO LA MILAGROSA', NULL, 1),
(550, 48, 'CARDONAL', NULL, 1),
(551, 48, 'TOCO NORTE', NULL, 1),
(552, 49, 'LA GOAJIRA', NULL, 1),
(553, 49, 'LOMA LINDA', NULL, 1),
(554, 49, 'JUANA RAMIREZ LA AVANZADORA', NULL, 1),
(555, 49, 'SAN AGUSTIN LAS CASITAS', NULL, 1),
(556, 49, 'LA TIGRERA', NULL, 1),
(557, 49, 'URB MOCUNDO', NULL, 1),
(558, 49, 'SAN AGUSTIN', NULL, 1),
(559, 49, 'EL PLACER', NULL, 1),
(560, 49, 'LA FLORIDA', NULL, 1),
(561, 49, 'LOS NARANJILLOS', NULL, 1),
(562, 49, 'LA COROMOTO', NULL, 1),
(563, 49, 'PRIMERO DE MAYO', NULL, 1),
(564, 49, 'AGUSTO MALAVE VILLALBA 1 Y 2', NULL, 1),
(565, 49, 'INDIO CHACAO', NULL, 1),
(566, 49, 'AGUSTO MALAVE VILLALBA CONJUNTO 3', NULL, 1),
(567, 49, 'AGUSTO MALAVE VILLALBA CONJUNTO 4', NULL, 1),
(568, 49, 'AGUSTO MALAVE VILLALBA CONJUNTO 5', NULL, 1),
(569, 49, 'AGUSTO MALAVE VILLALBA CONJUNTO 6', NULL, 1),
(570, 50, 'NUEVA GUACARA', NULL, 1),
(571, 50, 'LA LUCHA BOLIVARIANA BICENTENARIA', NULL, 1),
(572, 50, 'TURUMO 1', NULL, 1),
(573, 50, 'MACARIO ESCORCHA', NULL, 1),
(574, 50, 'LA LIBERTAD 2', NULL, 1),
(575, 50, 'LIBERTAD 1', NULL, 1),
(576, 50, 'TURUMO 2', NULL, 1),
(577, 50, 'BANCO OBRERO', NULL, 1),
(578, 50, 'LAGO JARDIN', NULL, 1),
(579, 50, 'AMAZONIA', NULL, 1),
(580, 50, 'VILLA GUACARA', NULL, 1),
(581, 50, 'CRISTO SALVA', NULL, 1),
(582, 51, 'EL SAMAN: SECTOR 1', NULL, 1),
(583, 51, 'SECTOR 2', NULL, 1),
(584, 51, 'SECTOR 3', NULL, 1),
(585, 51, 'SECTOR 3 5 6', NULL, 1),
(586, 51, 'SECTOR 4', NULL, 1),
(587, 51, 'SECTOR 7', NULL, 1),
(588, 51, 'SECTOR 8', NULL, 1),
(589, 51, 'SECTOR 9', NULL, 1),
(590, 51, 'SECTOR 10', NULL, 1),
(591, 51, 'SECTOR 11', NULL, 1),
(592, 51, 'SECTOR 12', NULL, 1),
(593, 51, 'CEIBA DEL SAMAN', NULL, 1),
(594, 51, 'APAMATE', NULL, 1),
(595, 51, 'PRADO', NULL, 1),
(596, 51, 'ENMANUEL', NULL, 1),
(597, 51, 'JARDINES DEL SAMAN', NULL, 1),
(598, 51, 'BOSQUES DEL SAMAN', NULL, 1),
(599, 51, 'VILLAS DE CAPEMINFRA', NULL, 1),
(600, 51, 'LOS GIRASOLES', NULL, 1),
(601, 52, 'LIBERTADOR', NULL, 1),
(602, 52, 'LA FLORESTA DE ARAGUITA 2021', NULL, 1),
(603, 52, 'DIOS TODOPODEROSO', NULL, 1),
(604, 52, 'NUESTRA SEÑORA DE LA COROMOTO', NULL, 1),
(605, 52, 'TESORO E INDIO LOTE II', NULL, 1),
(606, 52, 'TESORO E INDIO LOTE III', NULL, 1),
(607, 52, 'EL CACIQUE DE GUACARA', NULL, 1),
(608, 52, 'GUAICAIPURO BOLIVARIANO', NULL, 1),
(609, 52, 'GUAICAIPURO EZEQUIEL ZAMORA', NULL, 1),
(610, 52, 'CEIBA II', NULL, 1),
(611, 52, 'CEIBA 2021', NULL, 1),
(612, 52, 'TRICENTENARIO', NULL, 1),
(613, 52, 'SIMON BOLIVAR SUR', NULL, 1),
(614, 52, 'MOCUNDO', NULL, 1),
(615, 52, 'SANTA BARBARA I', NULL, 1),
(616, 52, 'SANTA BARBARA II', NULL, 1),
(617, 52, 'JUVENTUD I', NULL, 1),
(618, 52, 'JUVENTUD II', NULL, 1),
(619, 52, 'LA FRANJA', NULL, 1),
(620, 52, 'SANTA EDUVIGES', NULL, 1),
(621, 52, '13 DE MAYO', NULL, 1),
(622, 52, 'EL MILAGRO', NULL, 1),
(623, 52, '19 DE JULIO', NULL, 1),
(624, 52, 'RAFAEL CALDERA', NULL, 1),
(625, 52, 'JOSE GREGORIO GUITIAN', NULL, 1),
(626, 52, '7 DE OCTUBRE', NULL, 1),
(627, 53, 'VILLA ALIANZA', NULL, 1),
(628, 53, 'ALIANZA 1 CASAS DIGNAS', NULL, 1),
(629, 53, 'PRIMERA ETAPA CIUDADA ALIANZA', NULL, 1),
(630, 53, '4 ETAPA A CIUDAD ALIANZA', NULL, 1),
(631, 53, 'VILLA DEL LAGO / RIO VERDE', NULL, 1),
(632, 53, 'VILLA ALIANZA VIVIENDAS DIGNAS', NULL, 1),
(633, 53, 'SEGUNDA ETAPA CIUDAD ALIANZA', NULL, 1),
(634, 53, 'CONJUNTO RESIDENCIAL VILLA ALIANZA II', NULL, 1),
(635, 53, 'JOSE LAURENCIO SILVA', NULL, 1),
(636, 53, 'TERCERA ETAPA CIUDAD ALIANZA', NULL, 1),
(637, 53, '4 B CIUDAD ALIANZA', NULL, 1),
(638, 53, 'REVOLUCION V ETAPA CIUDAD ALIANZA', NULL, 1),
(639, 53, '4 DE FEBRERO', NULL, 1),
(640, 53, 'AGUA MARINA', NULL, 1),
(641, 53, 'ALIANZA GARDEN', NULL, 1),
(642, 53, 'PRADOS DEL LAGO', NULL, 1),
(643, 53, 'BRISAS DEL LAGO', NULL, 1),
(644, 53, 'AGUA SAL', NULL, 1),
(645, 54, 'LA CUMACA', NULL, 1),
(646, 54, 'SANCHERO CAMORUCO', NULL, 1),
(647, 54, 'CAMORUCO', NULL, 1),
(648, 54, 'VALLES DEL NORTE', NULL, 1),
(649, 54, 'LA JOSEFINA 1', NULL, 1),
(650, 54, 'TIERRA NUEVA', NULL, 1),
(651, 54, 'CUMAQUITA ALMENDRONES', NULL, 1),
(652, 54, 'CUMACA CAMPESTRE', NULL, 1),
(653, 55, 'JOSEFINA 2', NULL, 1),
(654, 55, 'HIGUEROTE EL POLVERO EL ORIGEN', NULL, 1),
(655, 55, 'MINIGRANJAS', NULL, 1),
(656, 55, 'TAMACU', NULL, 1),
(657, 55, 'SABANA DEL MEDIO', NULL, 1),
(658, 55, 'LAS CABAÑAS 3', NULL, 1),
(659, 55, 'LA VEGUITA I', NULL, 1),
(660, 55, 'SAN DIEGO NORTE', NULL, 1),
(661, 55, 'SAN DIEGO DE ALCALA SUR', NULL, 1),
(662, 55, 'EL OTRO LADO', NULL, 1),
(663, 55, 'MOROCHA IV Y VALLE FRESCO SUR', NULL, 1),
(664, 56, 'EL REMANSO II', NULL, 1),
(665, 56, 'CONDOMINIO MONTESERINO', NULL, 1),
(666, 56, 'EL REMANSO', NULL, 1),
(667, 56, 'LAS MAJAGUAS', NULL, 1),
(668, 56, 'PARQUESERINO', NULL, 1),
(669, 56, 'EL TULIPAN N 31 Y 33', NULL, 1),
(670, 56, 'EL TULIPAN N 28 29 Y 30', NULL, 1),
(671, 56, 'EL TULIPAN PARCELAS 23 24 25', NULL, 1),
(672, 56, 'URB BOSQUESERINO', NULL, 1),
(673, 56, 'LOMAS DE LA HACIENDA', NULL, 1),
(674, 56, 'MONTESERINO 12', NULL, 1),
(675, 57, 'APACUANA', NULL, 1),
(676, 57, 'MIRADOR DE SAN DIEGO', NULL, 1),
(677, 57, 'CORAZON BICENTENARIO', NULL, 1),
(678, 57, 'URB ESMERALDA SECTOR B', NULL, 1),
(679, 57, 'MANANTIAL ALTOS DEL MIRADOR GH', NULL, 1),
(680, 58, 'YUMA I Y II', NULL, 1),
(681, 58, 'MORRO I', NULL, 1),
(682, 58, 'MORRO II BAJA', NULL, 1),
(683, 58, 'MORRO I PARTE MEDIA', NULL, 1),
(684, 58, 'MORRO II ALTA', NULL, 1),
(685, 58, 'LA ESTANCIA QUERENCIA', NULL, 1),
(686, 59, 'ENMANUEL', NULL, 1),
(687, 59, 'CIUDADELA ENRIQUE BERNARDO NUÑEZ', NULL, 1),
(688, 59, 'VILLAS DE LA CARACARA', NULL, 1),
(689, 59, 'VENCEDORES DE LA PATRIA', NULL, 1),
(690, 59, 'INDIO MACO MACO', NULL, 1),
(691, 59, 'VILLANUEVA', NULL, 1),
(692, 59, 'MONTE SINAI', NULL, 1),
(693, 59, 'ALTOS DE SINAIGUATA', NULL, 1),
(694, 59, 'VALLES DE COLINA', NULL, 1),
(695, 59, 'POBLADO SINAI', NULL, 1),
(696, 59, 'FLOR DEL PARAISO', NULL, 1),
(697, 60, 'MAGALLANES PARTE BAJA', NULL, 1),
(698, 60, 'MAGALLANES PARTE ALTA', NULL, 1),
(699, 60, 'CIUDADELA VALENCEY', NULL, 1),
(700, 60, 'COLINAS DE JARALES', NULL, 1),
(701, 60, 'COLUMBA RIVAS', NULL, 1),
(702, 60, 'JARALES PRIMERA ETAPA', NULL, 1),
(703, 60, 'LOS HARALES', NULL, 1),
(704, 60, 'JARALES NORTE', NULL, 1),
(705, 61, 'FUNDACION LOS CEDROS', NULL, 1),
(706, 61, 'PRIMERO DE MAYO LOS PROCERES', NULL, 1),
(707, 61, 'COLINAS DE SAN DIEGO', NULL, 1),
(708, 61, 'PARAISO III', NULL, 1),
(709, 61, 'GRAN VALLE', NULL, 1),
(710, 61, 'EL NAIPE DE SAN DIEGO', NULL, 1),
(711, 61, 'VALLE DE MAZANGA', NULL, 1),
(712, 61, 'CAMPO SOLO', NULL, 1),
(713, 62, 'GARCILLERA 1', NULL, 1),
(714, 62, 'NEGRO PRIMERO A', NULL, 1),
(715, 62, 'NEGRO PRIMERO B', NULL, 1),
(716, 62, 'EL LIBERTADOR', NULL, 1),
(717, 62, 'ALI PRIMERA', NULL, 1),
(718, 62, 'LA LINEA 1', NULL, 1),
(719, 62, 'LA LINEA 2', NULL, 1),
(720, 62, 'MILAGRO SANTA ROSA', NULL, 1),
(721, 62, 'CASCO CENTRAL', NULL, 1),
(722, 62, '23 DE ENERO', NULL, 1),
(723, 62, 'JOSEFA CAMEJO ETAPA 1', NULL, 1),
(724, 62, 'JOSEFA CAMEJO ETAPA 2', NULL, 1),
(725, 62, 'JOSEFA CAMEJO ETAPA 3', NULL, 1),
(726, 62, 'LAS GARCITAS', NULL, 1),
(727, 62, 'ARAGUANEY', NULL, 1),
(728, 62, 'LAS DELICIAS', NULL, 1),
(729, 62, 'SANTA EDUVIGES', NULL, 1),
(730, 62, 'DON NICANOR OCHOA', NULL, 1),
(731, 63, 'SECTOR 1B 2DA ETAPA', NULL, 1),
(732, 63, 'ANTONIETA DE CELLI', NULL, 1),
(733, 63, 'LOS JARDINES', NULL, 1),
(734, 63, 'HUMBERTO CELLI', NULL, 1),
(735, 63, 'FORMULA 1', NULL, 1),
(736, 63, 'TIERRA DE TACARIGUA', NULL, 1),
(737, 63, 'CONJUNTO RESIDENCIAL LOS GUAYOS 2', NULL, 1),
(738, 63, 'ALIANZA VECINAL SECTOR 1A', NULL, 1),
(739, 63, 'BOLIVAR FUERTE', NULL, 1),
(740, 63, 'JOSE IGNACIO ACEVEDO', NULL, 1),
(741, 63, 'CONJUNTO RESIDENCIAL MADRE MARIA DE SAN JOSE', NULL, 1),
(742, 64, 'NUESTRA SEÑORA DE LOURDES 2021', NULL, 1),
(743, 64, 'FELIX RIOS NORTE', NULL, 1),
(744, 64, 'SECTOR 3 VIVIENDA POPULAR LOS GUAYOS', NULL, 1),
(745, 64, 'SECTOR 7 VIVIENDA POPULAR', NULL, 1),
(746, 64, 'SANTISIMA TRINIDAD SECTOR 5', NULL, 1),
(747, 64, 'FELIX RIOS SUR', NULL, 1),
(748, 64, 'FRANCISCO DE MIRANDA SECTOR 4 Y 5 B', NULL, 1),
(749, 64, 'EL MILAGRO DEL 6', NULL, 1),
(750, 64, 'EL ESFUERZO DE PABLO RAMIREZ', NULL, 1),
(751, 64, 'FUNDACION SANTA FE', NULL, 1),
(752, 64, 'SIMON BOLIVAR B', NULL, 1),
(753, 64, 'SIMON BOLIVAR A', NULL, 1),
(754, 64, 'UNA SOLA VOZ SECTOR 2 PRIMERA ETAPA', NULL, 1),
(755, 64, 'ROSA INES 2021', NULL, 1),
(756, 65, 'GUAICAPURO 1', NULL, 1),
(757, 65, 'GUAICAPURO 2', NULL, 1),
(758, 65, 'GUAICAPURO 3', NULL, 1),
(759, 65, 'SECTOR 1 PARTE ESTE', NULL, 1),
(760, 65, 'SECTOR 1 NORTE SAN ONOFRE', NULL, 1),
(761, 65, 'SECTOR 3A', NULL, 1),
(762, 65, 'RAFAEL URDANETA', NULL, 1),
(763, 65, 'JUVENTUD Y ESPERANZA', NULL, 1),
(764, 66, 'FUNDACION ANGEL MARIA POLANCO', NULL, 1),
(765, 66, 'LAS AGUITAS 2 PARTE A', NULL, 1),
(766, 66, 'SAN PANCRACIO', NULL, 1),
(767, 66, 'SECTOR 4 PARTE B DE LAS AGUITAS', NULL, 1),
(768, 66, 'ROSMER QUINTERO', NULL, 1),
(769, 66, 'SECTOR 4 PARTE C', NULL, 1),
(770, 66, 'ALI PRIMERA SECTOR 2B', NULL, 1),
(771, 66, 'SECTOR 2 PARTE C LAS AGUITAS', NULL, 1),
(772, 66, 'SAN MIGUEL ARCANGEL', NULL, 1),
(773, 67, 'ROMULO GALLEGOS', NULL, 1),
(774, 67, 'LOS TRIUNFADORES SECTOR 6', NULL, 1),
(775, 67, 'SECTOR 5 NORTE LAS AGUITAS', NULL, 1),
(776, 67, 'LAS AGUITAS SECTOR 5 SUR', NULL, 1),
(777, 67, 'COMUNIDAD EL ESFUERZO', NULL, 1),
(778, 67, 'PIEDRAS NEGRAS', NULL, 1),
(779, 67, 'LAS GARZAS', NULL, 1),
(780, 67, 'LOS GUAYOS B C E F', NULL, 1),
(781, 67, 'DIOS BOLIVARIANO', NULL, 1),
(782, 67, 'UNIDOS VENCEREMOS', NULL, 1),
(783, 67, 'FELIX POLITO', NULL, 1),
(784, 67, 'LOS OLIVOS 1 Y 2', NULL, 1),
(785, 67, 'VUELVAN CARAS', NULL, 1),
(786, 68, 'PARQUE CAMORUCO', NULL, 1),
(787, 68, 'FUNDACION LA ALEGRIA', NULL, 1),
(788, 68, 'PARAISO 1', NULL, 1),
(789, 68, 'PARAISO 2', NULL, 1),
(790, 68, 'BRISAS DEL AEROPUERTO', NULL, 1),
(791, 68, 'ESMERALDA 1', NULL, 1),
(792, 68, 'ESMERALDA 2', NULL, 1),
(793, 68, 'VIVENDAS OASIS', NULL, 1),
(794, 68, '24 DE JUNIO', NULL, 1),
(795, 68, 'ROBLE VIEJO', NULL, 1),
(796, 68, 'MATA VERDE', NULL, 1),
(797, 68, 'CENTRO EL ROBLE', NULL, 1),
(798, 68, '27 DE FEBRERO', NULL, 1),
(799, 68, 'VILLAS DE MI PUEBLO', NULL, 1),
(800, 68, 'FRANCISCO DE MIRANDA', NULL, 1),
(801, 69, 'PARQUE MOMENTANA', NULL, 1),
(802, 69, 'EL MOLINO', NULL, 1),
(803, 69, 'BRISA DE LA VICTORIA', NULL, 1),
(804, 69, 'SUEÑO DE CHAVEZ TACARIGUA 5', NULL, 1),
(805, 69, 'TACARIGUA 5', NULL, 1),
(806, 69, 'VENCEDORES DE TACARIGUA 3', NULL, 1),
(807, 69, 'NEURALI URBANIZACION LOS CERRITOS ETAPA 3', NULL, 1),
(808, 69, 'TACARIGUA 4', NULL, 1),
(809, 69, 'LOS FRAILEJONES', NULL, 1),
(810, 69, 'TACARIGUA A 3A', NULL, 1),
(811, 69, 'ROSA LINDA', NULL, 1),
(812, 69, 'PARQUE MIDEV', NULL, 1),
(813, 69, 'LAS VEGAS 1', NULL, 1),
(814, 69, 'LAS QUINTAS 200', NULL, 1),
(815, 69, 'TACARIGUA 2 C', NULL, 1),
(816, 69, 'TACARIGUA 1', NULL, 1),
(817, 69, 'MALABAR', NULL, 1),
(818, 69, 'TACARIGUA 2', NULL, 1),
(819, 69, 'LAS VEGAS 2', NULL, 1),
(820, 69, 'URBANIZACION LOS CERRITOS 2 ETAPA', NULL, 1),
(821, 69, 'CONJUSTO RESIDENCIAL FLAMINIA', NULL, 1),
(822, 69, 'EL ARAÑERO DE DIOS', NULL, 1),
(823, 69, 'SAN VENANCIO', NULL, 1),
(824, 69, 'BRISAS DE PARAPARAL', NULL, 1),
(825, 69, 'MIRALVALLE', NULL, 1),
(826, 69, 'CONJUNTO RESIDENCIAL ARAGUANEY', NULL, 1),
(827, 69, 'EL PARAISO REAL DE SAN JUDAS', NULL, 1),
(828, 69, 'LOS CERRITOS ETAPA 1', NULL, 1),
(829, 69, 'SOMOS PARAPARAL', NULL, 1),
(830, 69, 'YURUBI', NULL, 1),
(831, 69, 'LUCHA Y VICTORIA', NULL, 1),
(832, 69, 'EL GRAN REFUGIO', NULL, 1),
(833, 69, 'CARANDAY', NULL, 1),
(834, 69, 'FUERZA Y VOLUNTAD', NULL, 1),
(835, 69, 'URBANISMO LAS VEGAS', NULL, 1),
(836, 69, 'LAS AMERICAS', NULL, 1),
(837, 69, 'GARCILLERA 3', NULL, 1),
(838, 69, 'VILLA DE ORO', NULL, 1),
(839, 69, 'TERRAZA DE LA GARCILLERA', NULL, 1),
(840, 69, 'BUENAVENTURA 1 Y 2', NULL, 1),
(841, 69, 'BUENAVENTURA MANZANA 8', NULL, 1),
(842, 69, 'BUENAVENTURA MANZANA 18', NULL, 1),
(843, 69, 'BUENAVENTURA MANZANA 13', NULL, 1),
(844, 70, '23 DE ENERO', NULL, 1),
(845, 70, 'LA NUEVA SOROCAIMA', NULL, 1),
(846, 70, 'JOSE GREGORIO HERNANDEZ', NULL, 1),
(847, 70, 'EL PASO DEL INDIO', NULL, 1),
(848, 70, 'LOS CERRITOS', NULL, 1),
(849, 70, 'BRISAS DE TACARIGUA 1 Y 2', NULL, 1),
(850, 70, 'SAN JUDAS TADEO 1', NULL, 1),
(851, 70, 'SAN JUDAS TADEO 2', NULL, 1),
(852, 70, 'MANUELA SAENZ', NULL, 1),
(853, 70, 'NUEVO HORIZONTE', NULL, 1),
(854, 70, 'UNIDOS EN FORTALEZA', NULL, 1),
(855, 70, 'SIMON RODRIGUEZ', NULL, 1),
(856, 70, 'GRAN BATALLA DE CARABOBO', NULL, 1),
(857, 70, 'GRAN BATALLA DE CARABOBO SECTOR EL BOLIVARIANO', NULL, 1),
(858, 70, 'VILLA FRAN', NULL, 1),
(859, 70, 'INEPULSO', NULL, 1),
(860, 71, '12 DE MARZO', NULL, 1),
(861, 71, 'JOSE MIGUEL LARA', NULL, 1),
(862, 71, 'LOS PINOS', NULL, 1),
(863, 71, 'EZQUIEL ZAMORA', NULL, 1),
(864, 71, 'LA GLORIETA', NULL, 1),
(865, 71, 'LA CULEBRA 2021', NULL, 1),
(866, 71, 'RURAL HIJO S DE ZAMORA', NULL, 1),
(867, 71, 'SAMAN MOCHO', NULL, 1),
(868, 72, 'PIRITAL', NULL, 1),
(869, 72, 'LA NACIONAL', NULL, 1),
(870, 72, 'BARRIAL JABILLAL', NULL, 1),
(871, 72, 'LA ARAGUATA', NULL, 1),
(872, 72, 'EL CHARAL', NULL, 1),
(873, 72, 'LA UNION DE LOS GUAYOS', NULL, 1),
(874, 72, 'VALLE VERDE', NULL, 1),
(875, 72, 'LA ENSENADA', NULL, 1),
(876, 72, 'CASCABEL', NULL, 1),
(877, 72, 'ARGIMIRO GABALDON', NULL, 1),
(878, 72, 'HIJOS DE LA REVOLUCION', NULL, 1),
(879, 73, 'SERRANIA DE BELEN', NULL, 1),
(880, 73, 'PORTAL DE BELEN', NULL, 1),
(881, 73, 'PORTAL SECTOR II', NULL, 1),
(882, 73, 'BELEN DE LA SIERRA LOS BAÑOS', NULL, 1),
(883, 73, 'CERRO LA CRUZ', NULL, 1),
(884, 73, 'LOS APAMATES', NULL, 1),
(885, 73, 'VIRGEN DE BELEN', NULL, 1),
(886, 73, 'VICENTE OLMOS', NULL, 1),
(887, 73, 'JOSE ANTONIO ESSA', NULL, 1),
(888, 73, 'CASCO DE BELEN', NULL, 1),
(889, 73, 'PEDRO PABLO HERNADEZ', NULL, 1),
(890, 73, 'TRINIDAD', NULL, 1),
(891, 73, 'VALLES DE BELEN', NULL, 1),
(892, 73, 'COCOTERO', NULL, 1),
(893, 73, 'MANUARITO', NULL, 1),
(894, 73, 'LA YAGUA', NULL, 1),
(895, 73, 'LA ESPERANZA', NULL, 1),
(896, 73, 'LAS MULAS', NULL, 1),
(897, 73, 'SANTA ROSA DEL SUR', NULL, 1),
(898, 73, 'COCOROTE', NULL, 1),
(899, 74, 'LA GUAYANA', NULL, 1),
(900, 74, 'JAVILLAL', NULL, 1),
(901, 74, 'SANTA INES', NULL, 1),
(902, 74, 'EL PALMAR', NULL, 1),
(903, 74, 'LAS MERCEDES', NULL, 1),
(904, 74, 'EL CARMEN', NULL, 1),
(905, 74, 'LA ENCRUCIJADA', NULL, 1),
(906, 74, 'CAMPO ALEGRE. MANUARE', NULL, 1),
(907, 74, 'MONTE ESPERANZA', NULL, 1),
(908, 74, 'FECTITEROS LOS TOROS', NULL, 1),
(909, 74, 'VALLECITO', NULL, 1),
(910, 74, 'LAS PIEDRAS', NULL, 1),
(911, 74, 'SANTA ROSA MANUARE', NULL, 1),
(912, 74, 'PEÑAS NEGRAS', NULL, 1),
(913, 74, 'JUANIQUEROS', NULL, 1),
(914, 74, 'BARBASCO', NULL, 1),
(915, 75, 'PARED DE PIEDRA', NULL, 1),
(916, 75, 'CIUDADELA CHE GUEVARA', NULL, 1),
(917, 75, 'CIUDADELA DE LA PETROCASAS', NULL, 1),
(918, 75, 'LA MARUCHA', NULL, 1),
(919, 75, 'EL TROMPILLO', NULL, 1),
(920, 75, 'EL PIÑAL N-21361', NULL, 1),
(921, 75, 'EL PIÑAL', NULL, 1),
(922, 75, 'SANTA ROSALIA BUENAS VISTAS', NULL, 1),
(923, 75, 'AGRICOLA LA MANZANA', NULL, 1),
(924, 75, 'LORO PEDERNALES', NULL, 1),
(925, 75, 'LAS COLINAS', NULL, 1),
(926, 75, 'LAS VEGAS', NULL, 1),
(927, 75, 'AGRICOLA TAPARITO DEL GUACHE', NULL, 1),
(928, 75, 'SANTA CELILIA', NULL, 1),
(929, 75, 'PUENTE SAPERA', NULL, 1),
(930, 75, 'LA PALMA', NULL, 1),
(931, 75, 'ALTAMIRA', NULL, 1),
(932, 75, 'SANTA EFIGENIA', NULL, 1),
(933, 75, 'COPETON', NULL, 1),
(934, 76, 'EL ZANJON', NULL, 1),
(935, 76, 'COTICITA', NULL, 1),
(936, 76, 'CAMPO ALEGRE 1', NULL, 1),
(937, 76, 'CAMPO ALEGRE 2', NULL, 1),
(938, 76, 'LOS VENCEDORES DE LAS 2 AVENIDAS', NULL, 1),
(939, 76, '5DE JULIO', NULL, 1),
(940, 76, 'EL DESPERTAR DE LA BOLIVARIANA', NULL, 1),
(941, 76, '26 DE OCTUBRE', NULL, 1),
(942, 76, 'EL TRIUNFO SECTOR 3 DE DICIEMBRE', NULL, 1),
(943, 76, 'EL CONUCO', NULL, 1),
(944, 76, 'ROSARIO I', NULL, 1),
(945, 76, 'ROSARIO II', NULL, 1),
(946, 77, 'EL UNO 1', NULL, 1),
(947, 77, 'MARIA TERESA DEL TORO', NULL, 1),
(948, 77, 'EL COPEY', NULL, 1),
(949, 77, 'LA PRIMAVERA LA ADUANA', NULL, 1),
(950, 77, 'EL MILAGRO', NULL, 1),
(951, 77, 'LA FLORIDA', NULL, 1),
(952, 77, 'ANDRES PAEZ I', NULL, 1),
(953, 77, 'ANDRES PAEZ II', NULL, 1),
(954, 77, 'VECINOS EMPRENDEDORES', NULL, 1),
(955, 77, '24 DE JUNIO LA ADUANA', NULL, 1),
(956, 77, 'LAS VAQUIRAS- YUMA', NULL, 1),
(957, 77, 'YUMA LA ENSENADA', NULL, 1),
(958, 77, 'MANAULITA SAENZ', NULL, 1),
(959, 77, 'SANTA ANA', NULL, 1),
(960, 77, 'VIRGEN DE COROMOTO', NULL, 1),
(961, 77, 'EL CAOBAL', NULL, 1),
(962, 77, 'LA ADUANA REVOLUCIONARIA', NULL, 1),
(963, 77, 'LOS TALADROS DE YUMA', NULL, 1),
(964, 77, 'YUMA CENTRO', NULL, 1),
(965, 77, 'YUMA BOSQUE', NULL, 1),
(966, 78, 'PANECITO', NULL, 1),
(967, 78, 'LOS LIBERTADORES', NULL, 1),
(968, 78, 'EL CARMEN', NULL, 1),
(969, 78, 'BUENAVENTURA I', NULL, 1),
(970, 78, 'PUEBLO NUEVO II', NULL, 1),
(971, 78, 'PARQUE ENCANTADO', NULL, 1),
(972, 78, 'BUENAVENTURA II', NULL, 1),
(973, 78, 'BUENAVENTURA III', NULL, 1),
(974, 78, 'TUREN-TERRONAL', NULL, 1),
(975, 78, 'PUEBLO NUEVO I', NULL, 1),
(976, 78, 'BOCA DE RIO', NULL, 1),
(977, 78, 'HIJOS DE CHAVEZ', NULL, 1),
(978, 78, 'PARQUE AZUL', NULL, 1),
(979, 79, 'SAN JUAN DE DIOS IV', NULL, 1),
(980, 79, 'BRISAS DE SAN JUAN DE DIOS', NULL, 1),
(981, 79, 'LA LINDA II', NULL, 1),
(982, 79, 'SAN JUAN DE DIOS 1 Y 2', NULL, 1),
(983, 79, '14 DE FEBRERO', NULL, 1),
(984, 79, '06 DE ENERO', NULL, 1),
(985, 79, 'LA BENDICION DEL LAGO', NULL, 1),
(986, 79, 'TEJERIAS II', NULL, 1),
(987, 79, 'SAN JUAN DE DIOS III', NULL, 1),
(988, 79, 'VISTA AL LAGO II', NULL, 1),
(989, 79, 'TEJERIAS I', NULL, 1),
(990, 79, 'LAS CANADAS', NULL, 1),
(991, 79, 'LA TOMA EL VENADO', NULL, 1),
(992, 79, 'ROSENDO TORRES. CIUDADELA ANDRES II', NULL, 1),
(993, 79, 'LA LINDA I', NULL, 1),
(994, 79, 'ASENTAMINETO CAMPESINO UNIDO', NULL, 1),
(995, 79, 'LA LINDA', NULL, 1),
(996, 79, 'PASCUAL MOLINA', NULL, 1),
(997, 79, 'REQUENA', NULL, 1),
(998, 80, 'AGUA BLANCA', NULL, 1),
(999, 80, 'COGOLLAR', NULL, 1),
(1000, 80, 'COROCITO URBANO', NULL, 1),
(1001, 80, 'JOSE MARIA VARGAS II', NULL, 1),
(1002, 80, 'JOSE MARIA VARGAS I', NULL, 1),
(1003, 80, 'ESTADIO', NULL, 1),
(1004, 80, 'SAN MIGUEL', NULL, 1),
(1005, 80, '3 DE MAYO', NULL, 1),
(1006, 80, 'ASENTAMIENTO CAMPESINO LA CHOYOTA', NULL, 1),
(1007, 80, 'PRIMAVERA', NULL, 1),
(1008, 80, 'COROCITO AGRARIO', NULL, 1),
(1009, 81, 'LAS MINAS', NULL, 1),
(1010, 81, 'LA FILA', NULL, 1),
(1011, 81, 'EL COPEY GUAYABILLO', NULL, 1),
(1012, 81, 'NOGUERA CENTAURO', NULL, 1),
(1013, 81, 'LA TIGRA', NULL, 1),
(1014, 81, 'GUAYABILLO', NULL, 1),
(1015, 81, 'LA GUAMITA', NULL, 1),
(1016, 81, 'LA ARENA', NULL, 1),
(1017, 81, 'EL DIAMANTE', NULL, 1),
(1018, 81, 'LA NOGUERA', NULL, 1),
(1019, 81, 'MERCEDES SABANITA 25', NULL, 1),
(1020, 81, 'SAN VICENTE', NULL, 1),
(1021, 81, 'FRENTE CAMPESINO LOS VENCEDORES', NULL, 1),
(1022, 81, 'EL PUEBLITO BOLIVARIANO 2007', NULL, 1),
(1023, 81, 'LA VICTORIA', NULL, 1),
(1024, 81, 'MESA DE TORRE MIRADOR', NULL, 1),
(1025, 81, 'MESA DE TORRE PUEBLO NUEVO', NULL, 1),
(1026, 82, 'BRISAS DEL LAGO I', NULL, 1),
(1027, 82, 'BRISAS DEL LAGO II', NULL, 1),
(1028, 82, 'LOS ILUSTRES', NULL, 1),
(1029, 82, 'SANTA BARBARA', NULL, 1),
(1030, 82, 'VENCEDORES MANZANA II', NULL, 1),
(1031, 82, 'DESPERTAR DE PASO REAL', NULL, 1),
(1032, 82, 'LA TIAMITA', NULL, 1),
(1033, 82, 'LA TIAMITA PORTACHUELO', NULL, 1),
(1034, 82, 'LA COLMENA III', NULL, 1),
(1035, 83, 'LAS GARCIAS I', NULL, 1),
(1036, 83, 'LAS GARCIAS II', NULL, 1),
(1037, 83, 'BUCARITO II', NULL, 1),
(1038, 83, 'BUCARITO CENTRO', NULL, 1),
(1039, 83, 'VERDUN II', NULL, 1),
(1040, 83, 'EL ESFUERZO', NULL, 1),
(1041, 83, 'LA FLOR DEL SAMAN 1 2 3', NULL, 1),
(1042, 83, 'BUCARITO LA PRINCIPAL', NULL, 1),
(1043, 83, 'LA ESPERANZA DE BUCARITO', NULL, 1),
(1044, 83, 'LA PRIMAVERA DE BUCARITO', NULL, 1),
(1045, 83, 'FLOR DE BUCARITO', NULL, 1),
(1046, 83, 'CENTRAL II', NULL, 1),
(1047, 83, 'PARCELA DE VERDUM', NULL, 1),
(1048, 83, 'CHAGUARAMOS I', NULL, 1),
(1049, 83, 'CHAGUARAMOS II', NULL, 1),
(1050, 83, 'CHAGUARAMOS III', NULL, 1),
(1051, 83, 'LA BENDICION DE DIOS', NULL, 1),
(1052, 83, 'SANTA RITA', NULL, 1),
(1053, 83, 'JOSE GREGORIO HERNANDEZ', NULL, 1),
(1054, 83, 'SAN FRANCISCO', NULL, 1),
(1055, 84, 'LA PRADERA', NULL, 1),
(1056, 84, 'GLORIA DE DIOS', NULL, 1),
(1057, 84, 'FERNANDEZ SUAREZ I', NULL, 1),
(1058, 84, 'STADIUM DE MARURIA', NULL, 1),
(1059, 84, 'FERNANDEZ SUAREZ II', NULL, 1),
(1060, 84, 'MARURIA', NULL, 1),
(1061, 84, 'NICANOR OCHOA', NULL, 1),
(1062, 84, 'VALLES DE CARAQUITA', NULL, 1),
(1063, 85, 'NUEVA ALIANZA', NULL, 1),
(1064, 85, '11 DE MAYO', NULL, 1),
(1065, 85, 'VILLA ESPERANZA 2000', NULL, 1),
(1066, 85, '11 DE MAYO II', NULL, 1),
(1067, 85, 'LA ALIANZA PARA EL PROGRESO', NULL, 1),
(1068, 85, 'EL FRIO', NULL, 1),
(1069, 85, 'ANTONIO JOSE DE SUCRE', NULL, 1),
(1070, 85, 'SAPERA I', NULL, 1),
(1071, 85, 'SAPERA II', NULL, 1),
(1072, 86, 'LAS TINAJAS', NULL, 1),
(1073, 86, 'LOS SOCIOS', NULL, 1),
(1074, 86, 'LOS CACAOS LAS TINAJAS', NULL, 1),
(1075, 86, 'CAÑA DULCE 1', NULL, 1),
(1076, 86, 'CAÑA DULCE 2', NULL, 1),
(1077, 86, 'CAÑA DULCE 3', NULL, 1),
(1078, 86, 'TERRAZAS DE CAÑA DULCE', NULL, 1),
(1079, 86, 'SENTIMIENTO BOLIVARIANO', NULL, 1),
(1080, 86, 'EL ARAUCO', NULL, 1),
(1081, 86, 'EL CARMEN', NULL, 1),
(1082, 86, 'LA ISLITA', NULL, 1),
(1083, 86, 'PINZON HERRERA', NULL, 1),
(1084, 86, 'GUARATARO', NULL, 1),
(1085, 86, 'CASCO TACARIGUA', NULL, 1),
(1086, 86, '23 DE ENERO', NULL, 1),
(1087, 87, '4 CAMINOS', NULL, 1),
(1088, 87, 'BARRIO NUEVO EL FRIO', NULL, 1),
(1089, 87, 'EL CHORRITO', NULL, 1),
(1090, 87, 'SAN RAFAEL II', NULL, 1),
(1091, 87, 'EL AVILA', NULL, 1),
(1092, 87, 'EL JABON', NULL, 1),
(1093, 87, 'SAN RAFAEL I', NULL, 1),
(1094, 87, 'EL MANGUITO', NULL, 1),
(1095, 87, 'EL TRILLO', NULL, 1),
(1096, 87, 'VALLE DE NARANJITO', NULL, 1),
(1097, 87, 'LAS ROSAS', NULL, 1),
(1098, 87, 'LAS VIVIENDAS', NULL, 1),
(1099, 87, 'MATA NEGRA', NULL, 1),
(1100, 88, 'MANEROTE', NULL, 1),
(1101, 88, 'LA FILA DE LOS PEREZ', NULL, 1),
(1102, 88, 'AGUA HONDA', NULL, 1),
(1103, 88, 'AGUACATICO', NULL, 1),
(1104, 88, 'ASERRADERO', NULL, 1),
(1105, 88, 'BAJUMBAL', NULL, 1),
(1106, 88, 'BARRANCONES', NULL, 1),
(1107, 88, 'CAJOBAL MORROCOY', NULL, 1),
(1108, 88, 'EL ZANCUDO', NULL, 1),
(1109, 88, 'GUAYA', NULL, 1),
(1110, 88, 'LA EPIFANIA', NULL, 1),
(1111, 88, 'LA GAVILLERA', NULL, 1),
(1112, 88, 'LAGUNITA', NULL, 1),
(1113, 88, 'LAS HERMANITAS', NULL, 1),
(1114, 88, 'LAS PALMAS', NULL, 1),
(1115, 88, 'LAS TUNAS', NULL, 1),
(1116, 88, 'LAS VEGAS', NULL, 1),
(1117, 88, 'LOS CONOTOS', NULL, 1),
(1118, 88, 'LOS NARANJOS', NULL, 1),
(1119, 88, 'PACARAGUA ESCONDIDO', NULL, 1),
(1120, 88, 'RIO ARRIBA / RIO ABAJO', NULL, 1),
(1121, 88, 'SANTA BARBARBA', NULL, 1),
(1122, 88, 'SANTA MARIA', NULL, 1),
(1123, 88, 'TERRON  COLORADO', NULL, 1),
(1124, 88, 'TOMA LAS MANOS', NULL, 1),
(1125, 88, 'UN SUEÑO BOLIVARIANA EL CAMPANTE', NULL, 1),
(1126, 88, 'VIENTO SUAVE', NULL, 1),
(1127, 88, 'VIENTO SUAVE LOS CARACAROS', NULL, 1),
(1128, 88, 'LOGRO COMUNITARIO', NULL, 1),
(1129, 88, 'MAJAGUITO', NULL, 1),
(1130, 88, 'CAMBURAL', NULL, 1),
(1131, 88, 'CASUPAL LA GUAFITA', NULL, 1),
(1132, 88, 'COROCITO', NULL, 1),
(1133, 88, 'DOS BOCAS', NULL, 1),
(1134, 88, 'EL ALGARROBO', NULL, 1),
(1135, 88, 'EL ARBOLITO', NULL, 1),
(1136, 88, 'EL BARRIAL', NULL, 1),
(1137, 88, 'EL COCUY', NULL, 1),
(1138, 88, 'EL COGOLLAL', NULL, 1),
(1139, 88, 'EL CUMBITO', NULL, 1),
(1140, 88, 'EL JENGIBRE', NULL, 1),
(1141, 88, 'EL MANGUITO', NULL, 1),
(1142, 88, 'EL MUERTO LA MAPORA', NULL, 1),
(1143, 88, 'EL TABACO', NULL, 1),
(1144, 89, 'PASO ANCHO', NULL, 1),
(1145, 89, 'EL PAITO DE MIRANDITA', NULL, 1),
(1146, 89, 'ASENTAMIENTO AGRICOLA ALTOS DEL PAITO', NULL, 1),
(1147, 89, 'BATALLA DE QUEIPA', NULL, 1),
(1148, 89, 'LA ESPERANZA DEL SOCORRO', NULL, 1),
(1149, 89, 'AGROPRODUCTORES HUGO CHAVEZ', NULL, 1),
(1150, 89, 'EL YAGUAL', NULL, 1),
(1151, 90, 'LIBERTADOR', NULL, 1),
(1152, 90, 'BRISAS DE FUNVAL', NULL, 1),
(1153, 90, 'BRISAS DE APASUVAL', NULL, 1),
(1154, 90, 'ETERNO COMANDANTE CHAVEZ', NULL, 1),
(1155, 90, 'LOS MAGALLANES DEL SUR', NULL, 1),
(1156, 90, 'NUEVA JUVENTUD', NULL, 1),
(1157, 90, 'SANTA EDUVIGES DEL SUR', NULL, 1),
(1158, 90, 'LOS TRIUNFADORES', NULL, 1),
(1159, 90, 'LOS VALIENTES DE CAMEJO', NULL, 1),
(1160, 90, 'BENDICION DE DIOS FUNDACION', NULL, 1),
(1161, 90, 'FUNDACION BRISAS DE APASUVAL', NULL, 1),
(1162, 90, 'GUERREROS DE BOLIVAR', NULL, 1),
(1163, 90, 'FUNDACION BENDICION DE DIOS', NULL, 1),
(1164, 90, 'NUEVO MILENIO', NULL, 1),
(1165, 90, 'TORRE DE SIMON BOLIVAR', NULL, 1),
(1166, 91, 'PEDRO CAMEJO', NULL, 1),
(1167, 91, 'PLATANAL', NULL, 1),
(1168, 91, 'LAS MARIPOSAS SECTOR 4', NULL, 1),
(1169, 91, 'LOS VENCEDORES DEL 4', NULL, 1),
(1170, 91, 'JOSEFA CAMEJO', NULL, 1),
(1171, 91, 'LAS TORRES DE HUGO', NULL, 1),
(1172, 91, 'AGRICOLA PRADERA CAMPESTRE 1', NULL, 1),
(1173, 91, 'LA PRADERA CAMPESTRE', NULL, 1),
(1174, 91, 'LA MARIPOSA 6', NULL, 1),
(1175, 91, 'SAN JOSE', NULL, 1),
(1176, 91, 'PORVENIR 4F', NULL, 1),
(1177, 91, 'ASENTAMIENTO CAMPESINO EL CUJI', NULL, 1),
(1178, 91, 'AGRICOLA BENDICION DE DIOS', NULL, 1),
(1179, 91, 'CAMPESINO 4F', NULL, 1),
(1180, 91, 'VALLES DE JERUSALEN', NULL, 1),
(1181, 91, 'LA SABANA', NULL, 1),
(1182, 91, 'CONJUNTO RESIDENCIAL SAN JOSE', NULL, 1),
(1183, 91, 'LOS VENCEDORES DE LA SABANA', NULL, 1),
(1184, 92, 'CHAGUARAMO 1', NULL, 1),
(1185, 92, 'CHAGUARAMO 2', NULL, 1),
(1186, 92, 'CHAGUARAMO 3', NULL, 1),
(1187, 92, 'CHAGUARAMO 4', NULL, 1),
(1188, 92, 'CHAGUARAMO 5', NULL, 1),
(1189, 92, 'CHAGUARAMO 6', NULL, 1),
(1190, 92, 'OASIS 1', NULL, 1),
(1191, 92, 'OASIS 2', NULL, 1),
(1192, 92, 'ADACA 7', NULL, 1),
(1193, 92, 'SECTOR LA PAZ', NULL, 1),
(1194, 92, 'SECTOR LA COLINA', NULL, 1),
(1195, 92, 'VENCEDORES DE LA SABANA', NULL, 1),
(1196, 92, 'LA SABANA', NULL, 1),
(1197, 92, 'LA SABANITA', NULL, 1),
(1198, 93, 'LOS VENCEDORES', NULL, 1),
(1199, 93, 'LA CHARNECA 2', NULL, 1),
(1200, 93, 'NUEVO 26 DE MARZO', NULL, 1),
(1201, 93, 'SOCORRO 2 B', NULL, 1),
(1202, 93, 'SOCORRO 2', NULL, 1),
(1203, 93, 'LA SANTISIMA TRINIDAD', NULL, 1),
(1204, 93, 'EDUARDO ALEMAN SUCRE', NULL, 1),
(1205, 93, 'SOCORRO BICENTENARIO', NULL, 1),
(1206, 93, 'EL SOCORRO 2 A', NULL, 1),
(1207, 93, 'ESFUERZO POPULAR SOCORRO 1', NULL, 1),
(1208, 93, 'SOCORRO 3A', NULL, 1),
(1209, 93, 'SECTOR 3 URB POPULAR EL SOCORRO', NULL, 1),
(1210, 93, 'EL SOCORRO 3C', NULL, 1),
(1211, 94, 'VALLE BOLIVARIANO', NULL, 1),
(1212, 94, 'LAS CASITAS', NULL, 1),
(1213, 94, 'BRISAS DE ARENAL ROBERT SERRA', NULL, 1),
(1214, 94, 'BRISAS DE ARENAL', NULL, 1),
(1215, 94, 'NUEVA JERUSALEN', NULL, 1),
(1216, 94, 'NUEVA JERUSALEN SECTOR LA ESPERANZA', NULL, 1),
(1217, 95, 'LOS TRIUNFADORES DE JOSE MARTI', NULL, 1),
(1218, 95, 'LIDERES DE LA ESPERANZA', NULL, 1),
(1219, 95, 'CC.NUEVO AMANECER DE JOSEMARTI', NULL, 1),
(1220, 95, 'CIUDADELA JOSE MARTI', NULL, 1),
(1221, 95, 'LA ESPERANZA DEL BARRIO CHINO', NULL, 1),
(1222, 95, 'LOS PERSEVERANTES DE JOSE MARTI 1', NULL, 1),
(1223, 95, 'NUEVO TRICOLOR', NULL, 1),
(1224, 95, 'VILLA HERMOSA', NULL, 1),
(1225, 96, 'MILAGRO DE DIOS', NULL, 1),
(1226, 96, 'LOS PROCERES PARCELAS 2', NULL, 1),
(1227, 96, 'VILLA DORADA', NULL, 1),
(1228, 96, 'EL PALMAR', NULL, 1),
(1229, 96, 'LA GLORIA', NULL, 1),
(1230, 96, 'INDEPENDENCIA 2', NULL, 1),
(1231, 96, 'LIBERTADOR 1', NULL, 1),
(1232, 96, 'VILLA DEL MAR', NULL, 1),
(1233, 96, 'ATANACIO GIRARDOT', NULL, 1),
(1234, 96, 'CHARNECA 1', NULL, 1),
(1235, 96, 'VILLA PARAISO 2', NULL, 1),
(1236, 96, 'INDEPENDENCIA 1', NULL, 1),
(1237, 96, 'VILLA PARAISO 1', NULL, 1),
(1238, 96, 'LIBERTADOR 2', NULL, 1),
(1239, 97, 'FUNDACION PEDRO HERRERA', NULL, 1),
(1240, 97, 'LOS TRIUNFADORES DE LA J', NULL, 1),
(1241, 97, 'EL DESPERTAR DEL PUEBLO', NULL, 1),
(1242, 97, 'LUCHADORES DE BOLIVAR', NULL, 1),
(1243, 97, 'EL RENACER DE LA K', NULL, 1),
(1244, 97, 'VALLES DE MIRANDITA', NULL, 1),
(1245, 97, 'TRAPICHITO G.H.P', NULL, 1),
(1246, 97, 'TRAPICHITO MANZANA I', NULL, 1),
(1247, 97, 'SEMBRANDO ESPERANZA', NULL, 1),
(1248, 97, 'EL TRAPICHITO MANZ A 2DA ETAPA', NULL, 1),
(1249, 97, 'TRAPICHITO MANZANA C', NULL, 1),
(1250, 97, 'TRAPICHITO 3ERA ETAPA MANZ D Y E', NULL, 1),
(1251, 97, 'LUCHADORES DEL SECTOR B TRAPICHITO', NULL, 1),
(1252, 97, 'FUNDACION LOMAS DE URDANETA', NULL, 1),
(1253, 98, 'DR GERARDO TAMAYO', NULL, 1),
(1254, 98, 'LA FLORESTA SUR', NULL, 1),
(1255, 98, 'NEGRO PRIMERO', NULL, 1),
(1256, 98, 'SIEMPRE DE VENCEDORES DE CELIO CELLI', NULL, 1),
(1257, 98, 'ANDRES ELOY BLANCO', NULL, 1),
(1258, 98, 'SANTISIMA TRINIDAD', NULL, 1),
(1259, 98, 'LA UNION BOLIVARIANA DE LA LAGUNITA', NULL, 1),
(1260, 98, 'MIGUE ACHE GUBAIRA', NULL, 1),
(1261, 98, 'MIGUEL BELLO', NULL, 1),
(1262, 98, 'BICENTENARIO 1 A', NULL, 1),
(1263, 98, 'BICENTENARIO 1B', NULL, 1),
(1264, 98, 'BICENTENARIO 2', NULL, 1),
(1265, 98, 'BICENTENARIO 3 NORTEBICENTENARIO 3 SUR', NULL, 1),
(1266, 99, 'ALI PRIMERA', NULL, 1),
(1267, 99, 'VECINOS UNIDOS', NULL, 1),
(1268, 99, 'RUIZ PINEDA 2 SOCIALISTA', NULL, 1),
(1269, 99, 'PAZ DE DIOS', NULL, 1),
(1270, 99, 'LOMAS DE FUNVAL MANZANA 10', NULL, 1),
(1271, 99, 'VICTORIA 7 DE OCTUBRE MZNA 9', NULL, 1),
(1272, 99, 'VISION COMUNTARIA MZNA 7', NULL, 1),
(1273, 99, 'VECINOS PROGRESITAS MZNA 4', NULL, 1),
(1274, 99, 'MANZANA 2', NULL, 1),
(1275, 99, 'URB NAILETH', NULL, 1),
(1276, 99, 'LOS JARDINES', NULL, 1),
(1277, 99, 'LOS JARDINES 2', NULL, 1),
(1278, 99, 'NEGRA HIPOLITA', NULL, 1),
(1279, 99, 'JOSE ANTONIO PAEZ 2', NULL, 1),
(1280, 99, 'GIRASOLES', NULL, 1),
(1281, 99, 'LOMAS DE FUNVAL MNZA 8', NULL, 1),
(1282, 99, 'DIVINO NIÑO', NULL, 1),
(1283, 100, 'BATALLA DE VICTORIA', NULL, 1),
(1284, 100, 'JOSE LEONARDO CHIRINOS 1', NULL, 1),
(1285, 100, 'JOSE LEONARDO CHIRINOS 2', NULL, 1),
(1286, 100, 'MAXIMO ROMERO', NULL, 1),
(1287, 100, 'FLORES 1', NULL, 1),
(1288, 100, 'FLORES 2', NULL, 1),
(1289, 100, 'FLORES 3', NULL, 1),
(1290, 100, 'BRISAS DE VALENCIA', NULL, 1),
(1291, 100, 'IMPACTO  2', NULL, 1),
(1292, 100, 'IMPACTO ANTENA', NULL, 1),
(1293, 100, 'LOMAS DEL SUR', NULL, 1),
(1294, 100, 'ANDRES BELLO', NULL, 1),
(1295, 100, 'FREDDY FRANCO', NULL, 1),
(1296, 101, 'EZEQUIEL ZAMORA REALIZANDO UN SUEÑO', NULL, 1),
(1297, 101, 'ALEXANDER BURGOS II SUR', NULL, 1),
(1298, 101, 'BELLA VISTA I SECTOR I', NULL, 1),
(1299, 101, 'PATRIA SOBERANA', NULL, 1),
(1300, 101, 'ALEXANDER BURGOS I', NULL, 1),
(1301, 101, 'AMBROSIO PLAZA SOCIALISTA', NULL, 1),
(1302, 101, 'RENNY OTTOLINA', NULL, 1),
(1303, 101, 'BELLA VISTA II', NULL, 1),
(1304, 101, 'JACINTO LARA II', NULL, 1);
INSERT INTO `sectores` (`id`, `comuna_id`, `nombre_sector`, `descripcion`, `estado`) VALUES
(1305, 101, 'JACINTO LARA I', NULL, 1),
(1306, 101, 'VENCEDORES DEL SUR', NULL, 1),
(1307, 101, 'UNION Y FUERZA IMPACTO I', NULL, 1),
(1308, 101, 'BELLA VISTA I SECTOR II', NULL, 1),
(1309, 102, 'FRANCISCO DE MIRANDA 3', NULL, 1),
(1310, 102, 'FRANCISCO DE MIRANDA 1', NULL, 1),
(1311, 102, 'LOS NARANJOS', NULL, 1),
(1312, 102, 'BOCAINA 1 A', NULL, 1),
(1313, 102, 'BOCAINA 2B', NULL, 1),
(1314, 102, 'UNION Y PROGRESO EL COMBATE', NULL, 1),
(1315, 102, 'EMILIA MARTINEZ MONUMENTAL II', NULL, 1),
(1316, 102, 'BARRIO FEDERACION', NULL, 1),
(1317, 102, 'SAN AGUSTIN DEL SUR', NULL, 1),
(1318, 102, 'FRANCISCO DE MIRANDA SECTOR 4', NULL, 1),
(1319, 102, 'CANAIMA SECTOR B', NULL, 1),
(1320, 102, 'FUNDADORES BOLIVAR DEL SUR', NULL, 1),
(1321, 102, 'MONUMENTAL III', NULL, 1),
(1322, 102, 'MONUMENTAL I', NULL, 1),
(1323, 102, 'BARRIO CANAIMA SECTOR A', NULL, 1),
(1324, 102, 'LIBERTADOR SIMON BOLIVAR', NULL, 1),
(1325, 102, 'FUNDACION MENDOZA', NULL, 1),
(1326, 102, 'AVIVAMIENTO DE MONTE SACRO', NULL, 1),
(1327, 102, 'BARRIO FRANCISCO DE MIRANDA SECTOR 2', NULL, 1),
(1328, 102, 'BOCAINA II SECTOR A', NULL, 1),
(1329, 102, 'VENEZUELA', NULL, 1),
(1330, 102, 'BOCAINA1-B', NULL, 1),
(1331, 103, 'EL CONSEJO', NULL, 1),
(1332, 103, 'EL LEANDER', NULL, 1),
(1333, 103, 'JESUCRISTO MI BUEN COMPAÑERO', NULL, 1),
(1334, 103, 'JOSE REGINO PEÑA', NULL, 1),
(1335, 103, 'RICARDO URRIERA 3', NULL, 1),
(1336, 103, 'RICARDO URIERRA 5', NULL, 1),
(1337, 103, 'RUIZ PINEDA', NULL, 1),
(1338, 103, 'VILLA DE ROSA INES', NULL, 1),
(1339, 104, 'VECINOS SECTOR 7', NULL, 1),
(1340, 104, 'RICARDO URRIERA 6 7 8', NULL, 1),
(1341, 104, 'MONSEÑOR AROCHA', NULL, 1),
(1342, 104, 'RICARDO URRIERA 1', NULL, 1),
(1343, 104, 'JUAN PABLO II', NULL, 1),
(1344, 104, 'RICARDO URRIERA 4.4', NULL, 1),
(1345, 104, 'RICARDO URRIERA 2  SECTOR 4', NULL, 1),
(1346, 104, 'BLOQUE SUR 1 2 3 4 5', NULL, 1),
(1347, 104, 'RICARDO URRIERA 6 SUR', NULL, 1),
(1348, 104, 'RICARDO URRIERA 3 SECTOR 4', NULL, 1),
(1349, 104, 'RICARDO URRIERA 4.1', NULL, 1),
(1350, 104, 'RICARDO URRIERA 2 CENTRAL', NULL, 1),
(1351, 104, 'RICARDO URRIERA 6 NORTE', NULL, 1),
(1352, 105, 'BRISAS DE ARAGUANEY', NULL, 1),
(1353, 105, 'URB. POPULAR CARMEN GARCIA', NULL, 1),
(1354, 105, 'CASTRERA SECT 13', NULL, 1),
(1355, 105, 'ARMANDO CELLI', NULL, 1),
(1356, 105, 'FUNDADORES DE LA ROMANA', NULL, 1),
(1357, 105, 'CASTRERA SECTOR 15', NULL, 1),
(1358, 105, 'CASTRERA SECTOR 12', NULL, 1),
(1359, 105, 'DR. JOSE GREGORIO HERNANDEZ', NULL, 1),
(1360, 105, 'PRIMAVERA', NULL, 1),
(1361, 105, 'FORTALEZA BOLIVARIANA 18 DE ENERO', NULL, 1),
(1362, 105, 'CASTRERA SECTOR 14', NULL, 1),
(1363, 105, 'VALLE DE LOS CAOBOS', NULL, 1),
(1364, 106, 'PARQUES LAS CASAS', NULL, 1),
(1365, 106, 'DESARROLLO AMBIENTAL LOS PARQUES', NULL, 1),
(1366, 106, 'LAS TAPIAS', NULL, 1),
(1367, 106, 'DIEGO I', NULL, 1),
(1368, 106, 'LOS CONEJOS', NULL, 1),
(1369, 106, 'URB PARQUE RESIDENCIAL LA FLORIDA I', NULL, 1),
(1370, 106, 'LAS ACACIAS 1234', NULL, 1),
(1371, 106, 'LAS BARQUEREÑA', NULL, 1),
(1372, 106, 'MI REFUGIO DEL VALLE', NULL, 1),
(1373, 106, 'MEDITERRANEOS', NULL, 1),
(1374, 106, 'CONJUNTO RESIDENCIAL LA FLORIDA', NULL, 1),
(1375, 106, '8VA ESTRELLA  208', NULL, 1),
(1376, 107, 'LIBERTADORES A', NULL, 1),
(1377, 107, 'LIBERTADORES B', NULL, 1),
(1378, 107, 'PROCERES DE LA PATRIA', NULL, 1),
(1379, 107, 'CAMPO LINDO', NULL, 1),
(1380, 107, 'EBENEZER', NULL, 1),
(1381, 107, 'COMUNIDAD SOCIALISTA VILLA PARAISO', NULL, 1),
(1382, 107, 'MONTE SINAI', NULL, 1),
(1383, 107, 'SUEÑOS BOLIVAR', NULL, 1),
(1384, 107, 'LLANO VERDE', NULL, 1),
(1385, 107, 'COLUMBA RIVAS', NULL, 1),
(1386, 107, 'VALLE VERDE 2', NULL, 1),
(1387, 108, 'GUACAOB', NULL, 1),
(1388, 108, 'LOS LAURELES', NULL, 1),
(1389, 108, 'PARQUE FLORIDA SECTOR 1', NULL, 1),
(1390, 108, 'LOS BLOQUES', NULL, 1),
(1391, 108, 'TENIENTE CABRERA LANDAETA', NULL, 1),
(1392, 108, 'BELLA  FLORIDA 2', NULL, 1),
(1393, 108, 'BELLA FLORIDA 3', NULL, 1),
(1394, 108, 'INDIA ROSA', NULL, 1),
(1395, 108, 'SAGRADA FAMILIA', NULL, 1),
(1396, 108, 'VILLA FLORIDA 123', NULL, 1),
(1397, 108, 'CONJUNTO RESIDENCIAL SAN JOSE', NULL, 1),
(1398, 109, 'FLORIDA 1 A', NULL, 1),
(1399, 109, 'FLORIDA 1 B', NULL, 1),
(1400, 109, 'FLORIDA 1 C', NULL, 1),
(1401, 109, 'FLORIDA 2', NULL, 1),
(1402, 109, 'FLORIDA 3 A', NULL, 1),
(1403, 109, 'FLORIDA 3 B', NULL, 1),
(1404, 109, 'LOS MANGOS DE LA FLORIDA', NULL, 1),
(1405, 109, 'AUTO CROSS', NULL, 1),
(1406, 109, 'NUEVA FLORIDA 1', NULL, 1),
(1407, 109, 'NUEVA FLORIDA 2', NULL, 1),
(1408, 109, 'NUEVA FLORIDA 3', NULL, 1),
(1409, 109, 'NUEVA FLORIDA 4 A', NULL, 1),
(1410, 109, 'NUEVA FLORIDA 4 B', NULL, 1),
(1411, 109, 'NUEVA FLORIDA 5', NULL, 1),
(1412, 109, '4 DE OCTUBRE', NULL, 1),
(1413, 109, 'ALTOS DE CARABOBO', NULL, 1),
(1414, 109, 'ALTOS DE CARABOBO 2', NULL, 1),
(1415, 109, 'ALTOS DE CARABOBO 3', NULL, 1),
(1416, 109, 'PORTAL DE SAN LUIS 4', NULL, 1),
(1417, 109, 'SAGRADO CORAZON', NULL, 1),
(1418, 109, 'PORTAL DE SAN LUIS 1', NULL, 1),
(1419, 109, 'ARISTOBULO ISTURIZ', NULL, 1),
(1420, 110, 'BRISAS DEL VALLE', NULL, 1),
(1421, 110, 'FUERZAS DEL PODER POPULAR PARTE BAJA', NULL, 1),
(1422, 110, 'LOS PROCERES', NULL, 1),
(1423, 110, 'GUACAMAYA 2 SECTOR A', NULL, 1),
(1424, 110, 'EL BUEN SAMARITANO', NULL, 1),
(1425, 110, 'LOS PINOS 1', NULL, 1),
(1426, 110, 'PRIMERO DE MAYO', NULL, 1),
(1427, 110, 'PRIMERO DE MAYO SECTOR 2', NULL, 1),
(1428, 110, 'GUACAMAYA SECTOR B', NULL, 1),
(1429, 110, 'FUERZAS DEL PODER POPULAR', NULL, 1),
(1430, 110, 'LOS CAIMITOS', NULL, 1),
(1431, 110, 'COMUNIDAD BOLIVARIANA', NULL, 1),
(1432, 111, 'SANTA TERESA', NULL, 1),
(1433, 111, 'ESCALONA', NULL, 1),
(1434, 111, 'EL PRADO', NULL, 1),
(1435, 111, '19 DE ABRIL', NULL, 1),
(1436, 111, 'LA RAYA', NULL, 1),
(1437, 111, 'MILAGROSO ANGEL', NULL, 1),
(1438, 111, 'LOS MANGUITOS', NULL, 1),
(1439, 111, 'BARRIO UNION', NULL, 1),
(1440, 111, 'CABRIALES 1', NULL, 1),
(1441, 111, 'CABRIALES 2', NULL, 1),
(1442, 111, 'LOS MANGOS', NULL, 1),
(1443, 111, 'LOS ROSALES', NULL, 1),
(1444, 112, 'CASCO 2 SANTA ROSA', NULL, 1),
(1445, 112, 'EL CARMEN NORTE B', NULL, 1),
(1446, 112, 'LOS TALADROS', NULL, 1),
(1447, 112, 'ANDRES ELOY BLANCO', NULL, 1),
(1448, 112, 'CASCO I SANTA ROSA', NULL, 1),
(1449, 112, 'CASCO 3 SANTA ROSA', NULL, 1),
(1450, 112, 'LOS TALADROS 2', NULL, 1),
(1451, 112, 'URB RITEC', NULL, 1),
(1452, 112, 'EL PALOTAL E Y D', NULL, 1),
(1453, 112, 'CAÑAVERAL', NULL, 1),
(1454, 112, 'DON BOSCO', NULL, 1),
(1455, 112, 'CANDELARIA SUR', NULL, 1),
(1456, 112, 'CANDELARIA NORTE', NULL, 1),
(1457, 112, 'EL VIVERO', NULL, 1),
(1458, 112, 'BARRIO AMERICA B', NULL, 1),
(1459, 112, 'BARRIO AMERICA', NULL, 1),
(1460, 112, 'EL CARMEN NORTE A', NULL, 1),
(1461, 112, 'PALOTAL A Y B', NULL, 1),
(1462, 113, 'LA ISABELA', NULL, 1),
(1463, 113, 'EL ROMANCERO', NULL, 1),
(1464, 113, '24 HORAS', NULL, 1),
(1465, 113, 'BRISAS DEL SUR', NULL, 1),
(1466, 113, 'BRISAS DEL TERMINAL', NULL, 1),
(1467, 113, 'AGUAS CRISTALINAS LA PLANTA', NULL, 1),
(1468, 113, 'AQUILEZ NAZOA', NULL, 1),
(1469, 113, 'LIBERTAD 2', NULL, 1),
(1470, 113, 'LA LIBERTAD 1 UNIDA', NULL, 1),
(1471, 113, 'LA BLANQUERA', NULL, 1),
(1472, 113, 'EL CARMEN SUR', NULL, 1),
(1473, 113, 'LA CONCORDIA', NULL, 1),
(1474, 113, 'LA CASTELLANA', NULL, 1),
(1475, 113, 'EL TERMINAL', NULL, 1),
(1476, 114, 'LA PIÑA', NULL, 1),
(1477, 114, 'CESAR GIRON', NULL, 1),
(1478, 114, 'ANTONIO JOSE DE SUCRE SUR SECT 3', NULL, 1),
(1479, 114, 'ANTONIO JOSE DE SUCRE  SECT 2', NULL, 1),
(1480, 114, 'ANTONIO JOSE DE SUCRE  SECT 1', NULL, 1),
(1481, 114, 'SUCRE NORTE', NULL, 1),
(1482, 114, 'VILLA DE DIOS', NULL, 1),
(1483, 114, '13 DE SEPTIEMBRE 3 NUEVA ESPERANZA', NULL, 1),
(1484, 114, '13 DE SEPTIEMBRE 2 LA PUERTA DEL SUR 215', NULL, 1),
(1485, 114, '13 DE SEPTIEMBRE 1', NULL, 1),
(1486, 114, '9 DE MARZO', NULL, 1),
(1487, 114, '810 – 1', NULL, 1),
(1488, 114, 'LA MILAGROSA', NULL, 1),
(1489, 114, 'EL TRIUNFO - LOS TRIUNFADORES', NULL, 1),
(1490, 115, 'DEMOCRACIA SECTOR A', NULL, 1),
(1491, 115, 'DEMOCRACIA SECTOR B', NULL, 1),
(1492, 115, 'EN NOMBRE DE JESUS DEMOCRACIA 2', NULL, 1),
(1493, 115, 'CHE GUEVARA 18 DE OCTUBRE', NULL, 1),
(1494, 115, 'DEMOCRACIA 3 BOLIVARIANA', NULL, 1),
(1495, 115, 'LA UNIDAD', NULL, 1),
(1496, 115, 'DON TEODORO GUBAIRA', NULL, 1),
(1497, 115, 'SIMON BOLIVAR LIBERTADOR', NULL, 1),
(1498, 115, 'LA MIRANDINA', NULL, 1),
(1499, 116, 'PARCELAMIENTO SOCIALISTA LA BOLAÑERA', NULL, 1),
(1500, 116, 'ASENTAMIENTO CAMPESINO EL CAÑAVERAL', NULL, 1),
(1501, 116, 'LOS PROCERES', NULL, 1),
(1502, 116, 'SANTA CRUZ DEL SUR', NULL, 1),
(1503, 116, 'ASENTAMIENTO CAMPESINO EL REGRESO AL CAMPO', NULL, 1),
(1504, 116, 'AC LA LOMA', NULL, 1),
(1505, 117, 'SAMANES 1', NULL, 1),
(1506, 117, 'SAMANES 2', NULL, 1),
(1507, 117, 'SAMANES 3', NULL, 1),
(1508, 117, 'MILENIM', NULL, 1),
(1509, 117, 'LA EXTREMA', NULL, 1),
(1510, 117, '5 DE MARZO', NULL, 1),
(1511, 117, 'VILLA DE DIOS', NULL, 1),
(1512, 118, 'CIUDAD PLAZA AV LOS APAMATES', NULL, 1),
(1513, 118, 'CIUDAD PLAZA 2 ETAPA', NULL, 1),
(1514, 118, 'SECTOR JUANA LA AVANZADORA', NULL, 1),
(1515, 118, 'FRANCISCO DE MIRANDA', NULL, 1),
(1516, 118, 'MORAL Y LUCES 246', NULL, 1),
(1517, 118, 'TRICOLOR ZONA 2', NULL, 1),
(1518, 118, 'LOS APAMATES 2', NULL, 1),
(1519, 118, 'UN NUEVO HORIZONTE DE CIUDAD PLAZA', NULL, 1),
(1520, 118, 'TRICOLOR ZONA 3', NULL, 1),
(1521, 118, 'NUEVO RENACER LL6B LL6C LL6G', NULL, 1),
(1522, 119, 'URBANISMO CIUDAD CHAVEZ ZONA 1 Y 2', NULL, 1),
(1523, 119, 'URBANISMO CIUDAD CHAVEZ ZONA 3 Y 4', NULL, 1),
(1524, 119, 'URBANISMO CIUDAD CHAVEZ ZONA 5 Y 6', NULL, 1),
(1525, 119, 'URBANISMO CIUDAD CHAVEZ ZONA 7', NULL, 1),
(1526, 119, 'URBANISMO CIUDAD CHAVEZ ZONA 8', NULL, 1),
(1527, 119, 'URBANISMO CIUDAD CHAVEZ ZONA 9', NULL, 1),
(1528, 119, 'URBANISMO CIUDAD CHAVEZ ZONA 10', NULL, 1),
(1529, 119, 'URBANISMO CIUDAD CHAVEZ ZONA 11', NULL, 1),
(1530, 119, 'URBANISMO CIUDAD CHAVEZ ZONA 12', NULL, 1),
(1531, 119, 'URBANISMO CIUDAD CHAVEZ ZONA 13', NULL, 1),
(1532, 119, 'URBANISMO CIUDAD CHAVEZ ZONA 14', NULL, 1),
(1533, 119, 'URBANISMO CIUDAD CHAVEZ ZONA 15', NULL, 1),
(1534, 119, 'URBANISMO CIUDAD CHAVEZ ZONA 16', NULL, 1),
(1535, 119, 'URBANISMO CIUDAD CHAVEZ ZONA 17', NULL, 1),
(1536, 119, 'URBANISMO CIUDAD CHAVEZ ZONA 18', NULL, 1),
(1537, 119, 'URBANISMO CIUDAD CHAVEZ ZONA 19', NULL, 1),
(1538, 119, 'URBANISMO CIUDAD CHAVEZ ZONA 20 Y 21', NULL, 1),
(1539, 119, 'URBANISMO CIUDAD CHAVEZ ZONA 22', NULL, 1),
(1540, 119, 'URBANISMO CIUDAD CHAVEZ ZONA 23', NULL, 1),
(1541, 119, 'URBANISMO CIUDAD CHAVEZ ZONA 24', NULL, 1),
(1542, 120, 'SAGRADO CORAZON DE JESUS', NULL, 1),
(1543, 120, 'SECTOR 5 DE LA URB SANTA INES', NULL, 1),
(1544, 120, 'SANTA INES SECTOR 4', NULL, 1),
(1545, 120, 'CAMBIAMOS UNA LAGRIMA POR UNA SONRISA', NULL, 1),
(1546, 120, 'SANTA INES SECTOR 3B VILLA', NULL, 1),
(1547, 120, 'ASENTAMIENTO CAMPESINO LA ENCANTADA SECTOR EL AUYAMAL', NULL, 1),
(1548, 120, 'SECTOR 3 LADO A SANTA INES', NULL, 1),
(1549, 120, 'UNION SOCIALISTA LINDERO B SANTA INES SECTOR 4', NULL, 1),
(1550, 120, 'HIJOS DE SANTA INES', NULL, 1),
(1551, 120, 'SANTA INES SECTOR 1', NULL, 1),
(1552, 120, 'SECTOR 2 DE SANTA INES', NULL, 1),
(1553, 120, 'SANTA INES SECTOR 7', NULL, 1),
(1554, 120, 'SANTA INES SECTOR 6', NULL, 1),
(1555, 120, 'PROMOCIONES BOCA DE RIO', NULL, 1),
(1556, 121, 'VENCEDORES DE QUINTA DE FLOR AMARILLO', NULL, 1),
(1557, 121, 'GENERAL RAFAEL URDANETA', NULL, 1),
(1558, 121, 'EL PORTAL GUSTINO AZCARATE PORTAL II', NULL, 1),
(1559, 121, 'FUNDACION VALENCIA 2', NULL, 1),
(1560, 121, 'PARQUE RESIDENCIAL FLOR AMARILLA SECTOR 2', NULL, 1),
(1561, 121, 'YUMARE VIVE PALMA SOLA', NULL, 1),
(1562, 121, 'ARAGUANEY', NULL, 1),
(1563, 121, 'PORTAL VALENCIA I', NULL, 1),
(1564, 121, 'VILLA DEL RECREO', NULL, 1),
(1565, 121, 'EL SAMAN DE VALLE ENCANTADO', NULL, 1),
(1566, 121, 'REALIDAD BOLIVARIANA', NULL, 1),
(1567, 121, 'EL ALBORAL I', NULL, 1),
(1568, 121, 'CALICANTO 2006', NULL, 1),
(1569, 121, 'CAMPO DE TACARIGUA', NULL, 1),
(1570, 121, 'ASENTAMIENTO CAMPESINO APOSENTO EL CUCHARO', NULL, 1),
(1571, 121, 'TECNO GRANJA 2006', NULL, 1),
(1572, 121, 'TIERRA PROMETIDA', NULL, 1),
(1573, 121, 'ALTAMIRA BUENA VISTA 2021', NULL, 1),
(1574, 121, 'CANTA CLARO 2021', NULL, 1),
(1575, 121, 'ENSEÑADA DEL BOSQUE 2021', NULL, 1),
(1576, 122, 'SENDERO DE AGUA DULCE', NULL, 1),
(1577, 122, 'VALLE DEL SAMAN', NULL, 1),
(1578, 122, 'LA BENDICIONB DE DIOS', NULL, 1),
(1579, 122, 'VALLE SOCIALISTA DE CHAVEZ', NULL, 1),
(1580, 122, 'BUCARES NORTE EN ACCIONES', NULL, 1),
(1581, 122, 'EL CUARTEL DE LA MONTAÑA', NULL, 1),
(1582, 122, 'EL VIEJO SAMAN BUCARES SUR', NULL, 1),
(1583, 122, 'LOS NISPEROS DE MAJAGUAL', NULL, 1),
(1584, 122, 'VALLES DE SEQUERA', NULL, 1),
(1585, 122, 'CAÑO SECO', NULL, 1),
(1586, 123, 'LOS FUNDADORES DEL SECTOR 4', NULL, 1),
(1587, 123, 'SECTOR 5 LAS PALMITAS', NULL, 1),
(1588, 123, 'JOSE CORNELIO MUÑOZ SECTOR 8', NULL, 1),
(1589, 123, 'NUEVOS IDEALES SECTOR 9', NULL, 1),
(1590, 123, 'REVOLUCION AMBIENTAL 910 SECTOR 10', NULL, 1),
(1591, 123, 'CONTRA VIENTOS Y MAREAS', NULL, 1),
(1592, 123, 'LAS PALMITAS SECTOR 12', NULL, 1),
(1593, 123, 'LAS PALMITAS SECTOR 13', NULL, 1),
(1594, 123, 'SECTOR 14 LAS PALMITAS', NULL, 1),
(1595, 123, 'EL GRAN ESFUERZO DE LA COMUNIDAD LAS PALMITAS SECTOR 15', NULL, 1),
(1596, 123, 'EL ESFUERZO DEL SECTOR 16 DE LAS PALMITAS', NULL, 1),
(1597, 123, 'LAS PALMITAS SECTOR 17', NULL, 1),
(1598, 123, 'LAS PALMITAS SECTOR 18', NULL, 1),
(1599, 123, 'SECTOR 21 DE LAS PALMITAS', NULL, 1),
(1600, 123, 'EL NUEVO AMANECER 30', NULL, 1),
(1601, 123, 'NUEVO RENACER', NULL, 1),
(1602, 123, 'LIBERTADOR 1', NULL, 1),
(1603, 123, 'LIBERTADOR 2', NULL, 1),
(1604, 124, 'SINAI', NULL, 1),
(1605, 124, 'HENRY MENDEZ', NULL, 1),
(1606, 124, 'LAS DELICIAS 2007', NULL, 1),
(1607, 124, 'PADRE VIVE SURIA', NULL, 1),
(1608, 124, 'TIERRA DE DIOS', NULL, 1),
(1609, 124, 'ENMANUEL SECTOR 1', NULL, 1),
(1610, 124, 'LAS PALMITAS 2 Y 3', NULL, 1),
(1611, 124, 'FUERZA VICTORIOSA SECTOR 6', NULL, 1),
(1612, 124, 'IMPULSO SECTOR 29', NULL, 1),
(1613, 124, 'SECTOR 7 LAS PALMITAS', NULL, 1),
(1614, 124, 'LAS PALMITAS SECTOR 19', NULL, 1),
(1615, 124, 'LAS PALMITAS SECTOR 20', NULL, 1),
(1616, 124, 'LAS PALMITAS SECTOR 22', NULL, 1),
(1617, 124, 'JOSE MARTIN SECTOR 23', NULL, 1),
(1618, 124, 'SECTOR 24 – 28', NULL, 1),
(1619, 124, 'SAN MIGUEL ARCANGEL SECTOR 25', NULL, 1),
(1620, 124, 'ALI PRIMERA SECTOR 27', NULL, 1),
(1621, 124, 'LAS PALMITAS SECTOR 26', NULL, 1),
(1622, 124, 'HERMANDAD 28-29', NULL, 1),
(1623, 124, 'TIERRAS BOLIVARIANAS', NULL, 1),
(1624, 125, '13 DE ABRIL', NULL, 1),
(1625, 125, 'SANTIAGO BETANCOURT INFANTE 1', NULL, 1),
(1626, 125, 'SANTIAGO BETANCOURT INFANTE 2', NULL, 1),
(1627, 125, 'CASCO NOROESTE EMMANUEL', NULL, 1),
(1628, 125, 'CASCO NORESTE', NULL, 1),
(1629, 125, 'TACARIGUA LAS VILLAS', NULL, 1),
(1630, 125, 'LUISA CACERES DE ARISMENDI', NULL, 1),
(1631, 125, 'HERMOGENES LOPEZ', NULL, 1),
(1632, 125, 'TRIUNFADORES DE BUCARAL SUR', NULL, 1),
(1633, 125, 'VILLA REAL', NULL, 1),
(1634, 125, 'COMPLEJO HABITACIONAL BUCARAL SUR', NULL, 1),
(1635, 125, 'VALLE DE ORO', NULL, 1),
(1636, 126, 'BRISAS DE FLOR AMARILLO', NULL, 1),
(1637, 126, 'BRISAS DEL AEROPUERTO AMBITO 1. BRISAS DEL AEROPUERTO AMBITO 2', NULL, 1),
(1638, 126, 'UNIDOS POR PASO REAL NORTE', NULL, 1),
(1639, 126, 'TRIUNFO BOLIVARIANO', NULL, 1),
(1640, 126, 'TERRAZA DE CAMPO REAL', NULL, 1),
(1641, 126, 'SIGAMOS ADELANTE', NULL, 1),
(1642, 126, 'FORJADORES DE ESPERANZA', NULL, 1),
(1643, 126, 'COCUYO QUE  ALUMBRA', NULL, 1),
(1644, 126, 'OCHO PROVINCIAS', NULL, 1),
(1645, 126, 'HACIA LA GRANDE BOLIVARIANA', NULL, 1),
(1646, 126, 'BRISAS DE BUCARAL 3', NULL, 1),
(1647, 127, 'ALTOS DE PROCERES BOLIVARIANOS DE PARQUE VALENCIA', NULL, 1),
(1648, 127, 'AVILA 2', NULL, 1),
(1649, 127, 'VILLAS DE JOSABET', NULL, 1),
(1650, 127, 'PROCERES BOLIVARIANOS', NULL, 1),
(1651, 127, 'VILLA ALEGRE', NULL, 1),
(1652, 127, 'LOS TRIUNFADORES', NULL, 1),
(1653, 127, 'SIMON BOLIVAR', NULL, 1),
(1654, 127, 'ALTOS PARQUE VALENCIA', NULL, 1),
(1655, 127, 'LOMA 3', NULL, 1),
(1656, 127, 'TRES RAICES', NULL, 1),
(1657, 127, 'PODER DE DIOS', NULL, 1),
(1658, 127, 'AVILA 1', NULL, 1),
(1659, 127, 'VILLA BOLIVARIANA', NULL, 1),
(1660, 127, 'VILLA DORADA', NULL, 1),
(1661, 127, 'VILLA DE SANTA EDUVIGES', NULL, 1),
(1662, 127, 'LOMA 2', NULL, 1),
(1663, 127, 'COLONIAS DE PARQUE VALENCIA', NULL, 1),
(1664, 128, 'WAYU NUCHON MALEIWA', NULL, 1),
(1665, 128, 'COMUNIDAD INDIGENA YUKPA', NULL, 1),
(1666, 129, 'UNION CEDROGUANEY', NULL, 1),
(1667, 129, 'ARBOLEDA FLORECE', NULL, 1),
(1668, 129, 'PARVAL', NULL, 1),
(1669, 129, 'PARQUE VALENCIA 14 15 16 17', NULL, 1),
(1670, 129, 'PARQUE VALENCIA 20 AL 33', NULL, 1),
(1671, 129, 'UNIDOS POR PARQUE VALENCIA 1 AL 6', NULL, 1),
(1672, 129, 'LOS PALMARES', NULL, 1),
(1673, 129, 'VIGOR', NULL, 1),
(1674, 129, 'BOCA DE RIO RECTA SANTA INES', NULL, 1),
(1675, 129, 'ALTOS DE PROCERES BOLIVARIANOS', NULL, 1),
(1676, 129, 'AVILA 2', NULL, 1),
(1677, 129, 'VILLAS DE JOSADEC', NULL, 1),
(1678, 129, 'PROCERES BOLIVARIANOS', NULL, 1),
(1679, 129, 'VILLA ALEGRE', NULL, 1),
(1680, 129, 'LOS TRIUNFADORES', NULL, 1),
(1681, 129, 'SIMON BOLIVAR', NULL, 1),
(1682, 129, 'ALTOS PARQUE VALENCIA', NULL, 1),
(1683, 129, 'LOMA 3', NULL, 1),
(1684, 129, 'TRES RAICES', NULL, 1),
(1685, 129, 'PODER DE DIOS', NULL, 1),
(1686, 129, 'AVILA 1', NULL, 1),
(1687, 129, 'VILLA BOLIVARIANA', NULL, 1),
(1688, 129, 'VILLA DORADA', NULL, 1),
(1689, 129, 'VILLA DE SANTA EDUVIGES', NULL, 1),
(1690, 129, 'LOMA 2', NULL, 1),
(1691, 129, 'COLONIAS DE PARQUE VALENCIA', NULL, 1),
(1692, 130, 'SECTOR 1 DE LA ISABELICA', NULL, 1),
(1693, 130, 'BIENAVENTURADO SOMOS NOSOTROS SECTOR 2', NULL, 1),
(1694, 130, 'SECTOR 3', NULL, 1),
(1695, 130, 'SECTOR 4', NULL, 1),
(1696, 130, 'ISABELICA SECTOR 5', NULL, 1),
(1697, 130, 'MONTESACRO SECTOR 6', NULL, 1),
(1698, 130, 'SIMON BOLIVAR SECTOR 7', NULL, 1),
(1699, 130, 'SECTOR 8', NULL, 1),
(1700, 130, 'SECTOR 9', NULL, 1),
(1701, 130, 'SECTOR 10', NULL, 1),
(1702, 130, 'JUANA LA AVANZADORA SECTOR 11', NULL, 1),
(1703, 130, 'DOMINGO CASTILLO SECTOR 12', NULL, 1),
(1704, 130, 'UNIDOS VENCEREMOS', NULL, 1),
(1705, 130, 'FUENTE DE AGUA VIVA SECTOR 43', NULL, 1),
(1706, 130, 'BATALLA DE CARABOBO SECTOR 13', NULL, 1),
(1707, 130, 'LUZ Y VERDAD BLOQUE DEL 11 AL 24', NULL, 1),
(1708, 130, 'EL ESFUERZO DE TODO 33 AL 48', NULL, 1),
(1709, 130, 'UNION VECINAL BLOQUE 63 AL 70', NULL, 1),
(1710, 131, 'BELLO MONTE II CENTRO', NULL, 1),
(1711, 131, 'BELLO MONTE 2 SUR A', NULL, 1),
(1712, 131, 'BELLO MONTE 1 B', NULL, 1),
(1713, 131, 'BELLO MONTE 1A', NULL, 1),
(1714, 131, 'BOCA DE RIO 1 BATALLA DE CARABOBO', NULL, 1),
(1715, 131, 'LA QUIZANDA', NULL, 1),
(1716, 131, 'LOS TAMARINDOS', NULL, 1),
(1717, 131, 'BOLIVARIANO EZEQUIEL ZAMORA', NULL, 1),
(1718, 131, 'RIVERAS DEL RIO BOCA DE RIO 2', NULL, 1),
(1719, 131, 'LA TRINIDAD', NULL, 1),
(1720, 131, 'RAFAEL ANTONIO AYOX BOCA DE RIO 3', NULL, 1),
(1721, 131, 'SAMANES SUR', NULL, 1),
(1722, 131, 'BELLO MONTE 3', NULL, 1),
(1723, 131, 'BELLO MONTE 2 B', NULL, 1),
(1724, 131, 'DESPERTAR BOLIVARIANO BOCA DE RIO 4', NULL, 1),
(1725, 131, 'TRIUNFADORES 3 DE MAYO', NULL, 1),
(1726, 131, 'PROLOGACION SECTOR 13 ISABELICA', NULL, 1),
(1727, 131, 'SAMANES NORTE', NULL, 1),
(1728, 131, 'VILLA ESPERANZA', NULL, 1),
(1729, 131, 'BELLO MONTE 2 SUR B', NULL, 1),
(1730, 132, 'LUCHADORES IDEALES', NULL, 1),
(1731, 132, 'LIBERTADOR SANTA EDUVIGES', NULL, 1),
(1732, 132, 'FUERZA POPULAR RESIDENCIAS LARA', NULL, 1),
(1733, 132, 'SANTA ANA', NULL, 1),
(1734, 132, 'MICHELENA NORTE', NULL, 1),
(1735, 132, 'MICHELENA SUR', NULL, 1),
(1736, 132, 'MICHELENA EL MILAGRO', NULL, 1),
(1737, 132, 'SAN RAFAEL', NULL, 1),
(1738, 132, 'ERNESTO CHE GUEVARA', NULL, 1),
(1739, 133, 'PASTORA NORTE', NULL, 1),
(1740, 133, 'LA PASTORA', NULL, 1),
(1741, 133, 'CATEDRAL COCUICITAS 2', NULL, 1),
(1742, 133, 'CATEDRAL 1', NULL, 1),
(1743, 133, 'SAN BLAS CASCO NORTE', NULL, 1),
(1744, 133, 'SAN BLAS CASCO SUR', NULL, 1),
(1745, 133, 'SAN BLAS 1', NULL, 1),
(1746, 133, 'SAN BLAS 2', NULL, 1),
(1747, 133, 'LA DOBERA', NULL, 1),
(1748, 133, 'BRISAS DEL ESTE', NULL, 1),
(1749, 133, 'LA CALIFORNIA', NULL, 1),
(1750, 134, 'BARRIO CENTRAL 2 AMBITO 2', NULL, 1),
(1751, 134, 'PONCE BELLO', NULL, 1),
(1752, 134, 'EL INDIO', NULL, 1),
(1753, 134, 'BARRIO CENTRAL 1 PARTE BAJA', NULL, 1),
(1754, 134, 'GUACAMAYA 1', NULL, 1),
(1755, 134, 'CIRCUITO 2 BARRIO LA GUACAMAYA', NULL, 1),
(1756, 134, 'LA PIEDAD', NULL, 1),
(1757, 134, 'EL CALVARIO', NULL, 1),
(1758, 134, 'EL CANDELERO', NULL, 1),
(1759, 134, 'ATLAS', NULL, 1),
(1760, 134, 'EUTIMIO RIVAS', NULL, 1),
(1761, 134, 'VENCEDORES DE EUTIMIO RIVAS', NULL, 1),
(1762, 135, 'SECTOR ATENEO DE VALENCIA', NULL, 1),
(1763, 135, 'EL VIÑEDO', NULL, 1),
(1764, 135, 'TRIGAL NORTE B', NULL, 1),
(1765, 135, 'BOSQUE 1', NULL, 1),
(1766, 135, 'LOS NISPEROS', NULL, 1),
(1767, 135, 'PREBO 2', NULL, 1),
(1768, 135, 'TRIGAL SUR III', NULL, 1),
(1769, 135, 'LAS PALMAS', NULL, 1),
(1770, 135, 'AGUA BLANCA - SANTA CECILIA', NULL, 1),
(1771, 135, 'CAMPO ALEGRE', NULL, 1),
(1772, 135, 'GRAN PREBO 1', NULL, 1),
(1773, 135, 'EL BOSQUE', NULL, 1),
(1774, 135, 'ASOMANGOS', NULL, 1),
(1775, 135, 'COMUNIDAD PREBO 104 B', NULL, 1),
(1776, 135, 'CARABOBO', NULL, 1),
(1777, 135, 'PARQUE MIRADOR', NULL, 1),
(1778, 135, 'RESIDENCIAS PECCHINENDA', NULL, 1),
(1779, 135, 'TERRAZAS DE LOS NISPEROS', NULL, 1),
(1780, 135, 'CONSEJO COMUNAL LOS COLORADOS', NULL, 1),
(1781, 135, 'PADRE ALFONZO', NULL, 1),
(1782, 135, 'C.C. CAMORUCO VIEJO', NULL, 1),
(1783, 135, 'COMUNIDAD EN ACCION MAJAY SAN PEDRO', NULL, 1),
(1784, 135, 'SECTOR LA ROSARITO', NULL, 1),
(1785, 135, 'BARRIO FLORES SECTOR SAN JOSE', NULL, 1),
(1786, 135, 'LA MANGUITA AMBITO A', NULL, 1),
(1787, 135, 'LA MANGUITA BOLIVARIANA', NULL, 1),
(1788, 135, 'CARIBEAN MUJICA', NULL, 1),
(1789, 135, 'LA CHIMENEA SECTOR 2', NULL, 1),
(1790, 135, 'HATOS ROYAL', NULL, 1),
(1791, 135, 'BOSQUE ESTE', NULL, 1),
(1792, 135, 'SABANA LARGA', NULL, 1),
(1793, 135, 'CEIBA', NULL, 1),
(1794, 135, 'EL RECREO', NULL, 1),
(1795, 136, 'LA QUINTA II', NULL, 1),
(1796, 136, 'TERRAZA PARAMACAY', NULL, 1),
(1797, 136, 'LOMAS DE PARAMACAY', NULL, 1),
(1798, 136, 'TEREZA DEL MANANTIAL', NULL, 1),
(1799, 136, 'LA QUINTA I', NULL, 1),
(1800, 136, 'SANTA ANA', NULL, 1),
(1801, 136, 'NUEVA ESPARTA', NULL, 1),
(1802, 136, 'COLINA DE PARAMACAY', NULL, 1),
(1803, 136, 'LOS ARTESANOS', NULL, 1),
(1804, 136, 'JACINTO LARA', NULL, 1),
(1805, 136, 'LA GRANJA CONTRY', NULL, 1),
(1806, 136, 'VALLE FRESCO', NULL, 1),
(1807, 136, 'VALLE FRESCO III', NULL, 1),
(1808, 136, 'WIM BLEBOM', NULL, 1),
(1809, 136, 'RSD PAUJI', NULL, 1),
(1810, 136, 'DON BOSCO', NULL, 1),
(1811, 136, 'LAS AVE', NULL, 1),
(1812, 136, 'QUINTA NORTE', NULL, 1),
(1813, 136, 'SHA BONO', NULL, 1),
(1814, 136, 'LAS BERMUDAS', NULL, 1),
(1815, 136, 'BARCONES NORTE', NULL, 1),
(1816, 136, 'TERRAZA DE PARAMACAY II', NULL, 1),
(1817, 136, 'CONJUTO REAL LINO DE CLEMENTE', NULL, 1),
(1818, 136, 'VALLE FRESCO I', NULL, 1),
(1819, 136, 'GUAPARO NORTE', NULL, 1),
(1820, 136, 'TENIS GALDES', NULL, 1),
(1821, 136, 'LAS ANTILLAS A Y B', NULL, 1),
(1822, 136, 'CANTA PIEDRA', NULL, 1),
(1823, 136, 'PARIMA I', NULL, 1),
(1824, 136, 'PARIMA II', NULL, 1),
(1825, 136, 'OLIMPIA GALDES', NULL, 1),
(1826, 136, 'LAS BAHAMAS', NULL, 1),
(1827, 137, 'VALLE VERDE', NULL, 1),
(1828, 137, 'BRISAS DE TARAPIO', NULL, 1),
(1829, 137, 'COLINAS DE TARAPIO', NULL, 1),
(1830, 137, 'GUERE 1', NULL, 1),
(1831, 137, 'GUERE 2', NULL, 1),
(1832, 137, 'GUERE 3', NULL, 1),
(1833, 137, 'BARRIO OESTE 1', NULL, 1),
(1834, 137, 'BARRIO OESTE 2', NULL, 1),
(1835, 137, 'BARRIO OESTE 3', NULL, 1),
(1836, 137, 'BARRIO COLON', NULL, 1),
(1837, 137, 'CAPRENCO', NULL, 1),
(1838, 138, 'ALTOS DE ROSA INES', NULL, 1),
(1839, 138, 'GUAYABAL', NULL, 1),
(1840, 138, 'BRISAS MARINAS', NULL, 1),
(1841, 138, 'PRADERAS DE GUAYABAL', NULL, 1),
(1842, 138, 'TAZAJAL', NULL, 1),
(1843, 138, 'COMUNIDAD LAS ADJUNTAS', NULL, 1),
(1844, 138, 'EL RINCON', NULL, 1),
(1845, 138, 'LOS GUAYABITOS', NULL, 1),
(1846, 138, 'CASCO COLONIAL DE NAGUANAGUA', NULL, 1),
(1847, 138, 'RETOBO', NULL, 1),
(1848, 139, 'DEMOCRACIA', NULL, 1),
(1849, 139, 'SAMANES TRIUNFO DEMOCRACIA', NULL, 1),
(1850, 139, 'SAMANES TRIUNFO 2', NULL, 1),
(1851, 139, 'TARAPIO I', NULL, 1),
(1852, 139, 'URB TARAPIO', NULL, 1),
(1853, 139, 'CIDRA 1', NULL, 1),
(1854, 139, 'CIDRA 2', NULL, 1),
(1855, 139, 'BARRIO UNION NORTE', NULL, 1),
(1856, 139, 'BARRIO UNION SUR', NULL, 1),
(1857, 139, 'TARAPIO 3', NULL, 1),
(1858, 139, 'URB LA BEGOÑA', NULL, 1),
(1859, 140, 'ATANASIO GIRARDOT I', NULL, 1),
(1860, 140, 'ALTOS DE LA COMPAÑÍA II', NULL, 1),
(1861, 140, 'EL PINAL 3', NULL, 1),
(1862, 140, 'SANTA MARTA LA HACIENDA 4', NULL, 1),
(1863, 140, 'NARANJAL I', NULL, 1),
(1864, 140, 'LOS CANDILES', NULL, 1),
(1865, 140, 'EL CAFETAL', NULL, 1),
(1866, 140, 'CAMPIÑNA II', NULL, 1),
(1867, 140, 'NARANJAL II', NULL, 1),
(1868, 141, 'BRISAS DEL CAFÉ', NULL, 1),
(1869, 141, 'LUCHADORES DE LA SANTISIMA TRINIDAD', NULL, 1),
(1870, 141, 'GUAICAIPURO', NULL, 1),
(1871, 141, 'MANGOS PARADISE', NULL, 1),
(1872, 141, 'SHADAY DEL NORTE', NULL, 1),
(1873, 141, 'ESTRELLA DE DAVID', NULL, 1),
(1874, 141, 'LA QUERENCIA', NULL, 1),
(1875, 141, 'CHAGUARAMAL', NULL, 1),
(1876, 141, 'SECTOR RIO SIL', NULL, 1),
(1877, 141, 'EL PARAISO', NULL, 1),
(1878, 142, 'FUNDACION CARABOBO 2', NULL, 1),
(1879, 142, 'FUNDACION CARABOBO 1', NULL, 1),
(1880, 142, 'MANUEL SAENZ 118', NULL, 1),
(1881, 142, 'LOS PROCERES DE BARBULA', NULL, 1),
(1882, 142, 'SIMON BOLIVAR IIL', NULL, 1),
(1883, 142, 'COMUNIDAD SIMON BOLIVAR', NULL, 1),
(1884, 142, 'EZEQUIEL ZAMORA', NULL, 1),
(1885, 142, 'SIMON BOLIVAR', NULL, 1),
(1886, 142, 'SIMON BOLIVAR IV', NULL, 1),
(1887, 142, 'BOMBONA SIMON RODRIGUEZ', NULL, 1),
(1888, 142, 'BOMBONA', NULL, 1),
(1889, 142, 'LA GUANERA', NULL, 1),
(1890, 143, 'BRISAS DE GONZALES PLAZA', NULL, 1),
(1891, 143, 'COLINAS DE GONZALEZ PLAZA I', NULL, 1),
(1892, 143, 'COLINA DE GONZALEZ PLAZA II', NULL, 1),
(1893, 143, 'VALLE DE GONZALEZ PLAZA', NULL, 1),
(1894, 143, 'MANGOS I', NULL, 1),
(1895, 143, 'NEGRA MATEA', NULL, 1),
(1896, 144, 'BELLA VISTA NORTE', NULL, 1),
(1897, 144, 'BRISAS DE CARABOBO', NULL, 1),
(1898, 144, 'SECTOR LA PIEDRA', NULL, 1),
(1899, 144, 'ALIANZA BOLIVARIANA', NULL, 1),
(1900, 144, 'ARTURO MICHELENA 2008', NULL, 1),
(1901, 144, 'MANGOS II', NULL, 1),
(1902, 144, 'LORENZO FERNANDEZ', NULL, 1),
(1903, 144, 'RENACER JUAN FLORES', NULL, 1),
(1904, 144, 'BRISAS DE CARABOBO II', NULL, 1),
(1905, 144, 'BRISAS DE CARABOBO I', NULL, 1),
(1906, 145, 'MALAGON', NULL, 1),
(1907, 145, 'CR Y COMERCIAL LAS PALMERA', NULL, 1),
(1908, 145, 'SAN MARTIN DE PORRES', NULL, 1),
(1909, 145, 'SANTA EDUVIGIS II A', NULL, 1),
(1910, 145, 'BOLIVARIANOS EN ACCION', NULL, 1),
(1911, 145, 'ABDON CALDERON SECTOR AZUL', NULL, 1),
(1912, 145, 'LA LUZ', NULL, 1),
(1913, 145, 'SANTA EDUVIGIS I', NULL, 1),
(1914, 145, 'EL ROCIO', NULL, 1),
(1915, 145, 'NAGUANAGUA', NULL, 1),
(1916, 145, 'VALMORE RODRIGUEZ', NULL, 1),
(1917, 146, 'CARIALINDA', NULL, 1),
(1918, 146, 'FELIX FIGUEROA', NULL, 1),
(1919, 146, 'SECTOR EL ROCIO', NULL, 1),
(1920, 146, 'COMUNIDAD SOCIALISTA DE GIRARDOT', NULL, 1),
(1921, 146, 'ALTOS DE CAFÉ 2', NULL, 1),
(1922, 146, 'EL CASTOR Y FINCA MI QUERENCIA', NULL, 1),
(1923, 146, 'LA COROMOTO', NULL, 1),
(1924, 146, 'LOS MERECURES', NULL, 1),
(1925, 146, 'FUNDACION LOS CHORROS', NULL, 1),
(1926, 146, 'SOCIALISTA VALLE DE LA ENTRADA', NULL, 1),
(1927, 146, 'COLINA DE GIRARDOT I', NULL, 1),
(1928, 146, 'COLINA DE GIRARDOT II', NULL, 1),
(1929, 146, 'COLINA DE GIRARDOT III', NULL, 1),
(1930, 146, 'COLINA DE GIRARDOT IV', NULL, 1),
(1931, 146, 'COLINA DE GIRARDOT 4A', NULL, 1),
(1932, 146, 'ALTOS DE ROCIO 1993', NULL, 1),
(1933, 147, 'LAS MARIAS', NULL, 1),
(1934, 147, 'LA UNION', NULL, 1),
(1935, 147, 'LA COLINA', NULL, 1),
(1936, 147, 'LA CEIBA', NULL, 1),
(1937, 147, 'LA BELEN', NULL, 1),
(1938, 147, 'EL SALTO DE TRINCHERA', NULL, 1),
(1939, 147, 'SAN JUAN DE BELEN', NULL, 1),
(1940, 147, 'CACIQUE CAYAURIMA', NULL, 1),
(1941, 147, 'LAS TRES MARIAS', NULL, 1),
(1942, 148, '13 DE ABRIL EL VIGIA', NULL, 1),
(1943, 148, 'LA PEDRERA', NULL, 1),
(1944, 148, 'ALEXIS CRAVO', NULL, 1),
(1945, 148, 'NUEVA VILLA', NULL, 1),
(1946, 148, 'SOMOS AMIGOS', NULL, 1),
(1947, 148, 'LA VEGA', NULL, 1),
(1948, 148, 'SAN JOSE  VILLA VALENCIA', NULL, 1),
(1949, 148, 'BRISAS DE GUATAPARO', NULL, 1),
(1950, 149, 'FUNDACION CAP. SECTOR D AMBITO A', NULL, 1),
(1951, 149, 'FUNDACION CAP. SECTOR 1 AMBITO B', NULL, 1),
(1952, 149, 'FUNDACION CAP. SECTOR 1 AMBITO C', NULL, 1),
(1953, 149, 'FUNDACION CAP. SECTOR 2 AMBITO A CIUDAD DE LA ALEGRIA', NULL, 1),
(1954, 149, 'FUNDACION CAP. SECTOR 2 AMBITO A B', NULL, 1),
(1955, 149, 'PATRIA Y CULTURA', NULL, 1),
(1956, 149, '7 DE ENERO AMBITO A', NULL, 1),
(1957, 149, '7 DE ENERO AMBITO B', NULL, 1),
(1958, 149, 'EXPLORACION REVOLUCIONARIA MANUELITA SAENZ', NULL, 1),
(1959, 149, 'NUEVA VALENCIA SECTOR 3', NULL, 1),
(1960, 149, 'NUEVA VALENCIA SECTOR 1 AMBITO C', NULL, 1),
(1961, 149, 'NUEVA VALENCIA SECTOR 1 AMBITO E', NULL, 1),
(1962, 149, 'NUEVA VALENCIA SECTOR 1 AMBITO D', NULL, 1),
(1963, 149, 'NUEVA VALENCIA SECTOR 2 AMBITO A', NULL, 1),
(1964, 149, 'NUEVA VALENCIA SECTOR 2 AMBITO B', NULL, 1),
(1965, 149, 'PEDRO CAMEJO', NULL, 1),
(1966, 149, 'PATRIA Y FUTURO', NULL, 1),
(1967, 149, 'LA CARBONERA', NULL, 1),
(1968, 149, 'LOS ILUSTRES', NULL, 1),
(1969, 149, 'SAN LUIS LA CULATA', NULL, 1),
(1970, 150, 'MANO AMIGA', NULL, 1),
(1971, 150, 'NUEVO RENACER', NULL, 1),
(1972, 150, 'MIRADOR BOLIVARIANO', NULL, 1),
(1973, 150, 'MAIZANTA', NULL, 1),
(1974, 150, 'EL BRAVO PUEBLO A', NULL, 1),
(1975, 150, 'EL BRAVO PUEBLO B', NULL, 1),
(1976, 150, 'LOS LIDERES 2021', NULL, 1),
(1977, 150, 'BARRIO BUENO A', NULL, 1),
(1978, 150, 'BARRIO BUENO B', NULL, 1),
(1979, 151, 'ANDRES ELOY BLANCO', NULL, 1),
(1980, 151, 'MANUELITA SAENZ LIBERTADORES', NULL, 1),
(1981, 151, 'ROMULO GALLEGOS LOS CHORRITOS', NULL, 1),
(1982, 151, 'SECTOR ARTURO MICHELENA SAN JOSE DE LOS CHORRITOS', NULL, 1),
(1983, 151, 'ANDRES BELLO SECTOR LOS CHORRITOS', NULL, 1),
(1984, 151, 'ARTURO USLAR PIETRI', NULL, 1),
(1985, 151, 'LOS CARDONES', NULL, 1),
(1986, 151, 'NUEVOS POBLADORES', NULL, 1),
(1987, 151, 'SECTOR TERESA CARREÑO II', NULL, 1),
(1988, 151, 'SECTOR TERESA CARREÑO I', NULL, 1),
(1989, 151, 'BRISA POPULAR DE SAN LUIS', NULL, 1),
(1990, 151, 'COLINAS DEL ABANERO', NULL, 1),
(1991, 151, 'AGRIARIO VALLES LAS CAOBAS', NULL, 1),
(1992, 152, 'LIBERTADOR SECTOR 1', NULL, 1),
(1993, 152, 'LIBERTADOR 2', NULL, 1),
(1994, 152, 'EL ESFUERZO DEL LIBERTADOR', NULL, 1),
(1995, 152, 'BELLA CRUZ LOS MANGOS', NULL, 1),
(1996, 152, 'LA ERREDENA', NULL, 1),
(1997, 152, 'SECTOR 6 LIBERTADOR', NULL, 1),
(1998, 152, 'BOLIVAR LIBERTADOR 2', NULL, 1),
(1999, 152, 'DIOS CON NOSOTROS', NULL, 1),
(2000, 152, 'BESPERZAR', NULL, 1),
(2001, 152, 'EL PROGRESO DEL LIBERTADOR', NULL, 1),
(2002, 152, 'LIBERTADOR SECTOR 8', NULL, 1),
(2003, 152, 'BATALLA DE SANTA MARTA', NULL, 1),
(2004, 152, 'EL PROBIS 2', NULL, 1),
(2005, 152, 'BOLIVARIANO LIBERTADOR', NULL, 1),
(2006, 152, 'SANTA EDUVIJES LA ERREDEÑA', NULL, 1),
(2007, 153, 'SANTA BARBARA', NULL, 1),
(2008, 153, 'EL NARANJAL I', NULL, 1),
(2009, 153, 'LA BENDICION DE DIOS', NULL, 1),
(2010, 153, 'SIMON BOLIVAR', NULL, 1),
(2011, 153, 'POCATERRA 03', NULL, 1),
(2012, 153, 'POCATERRA 02', NULL, 1),
(2013, 153, '12 DE OCTUBRE', NULL, 1),
(2014, 153, 'HONDA 01', NULL, 1),
(2015, 153, 'ALTOS DE LA HONDA', NULL, 1),
(2016, 153, 'LAS PALMAS DE SAN PEDRO', NULL, 1),
(2017, 153, '09 DE DICIEMBRE', NULL, 1),
(2018, 153, 'HONDA NORTE', NULL, 1),
(2019, 153, 'ROMULO BETANCOURT', NULL, 1),
(2020, 154, 'GUASIMA I', NULL, 1),
(2021, 154, 'BICENTENARIO DE LA GUASIMA', NULL, 1),
(2022, 154, 'EL CHARAL DE LA GUASIMA', NULL, 1),
(2023, 154, '23 DE ENERO', NULL, 1),
(2024, 154, 'CERRO LA CRUZ', NULL, 1),
(2025, 154, '19 DE ABRIL LA PICA', NULL, 1),
(2026, 154, 'GUASIMA II', NULL, 1),
(2027, 154, 'COLINA DE LA GUASIMA', NULL, 1),
(2028, 155, 'NEGRA MATEA', NULL, 1),
(2029, 155, 'ALTOS DE USLAR', NULL, 1),
(2030, 155, 'VALLE DE JUNCALITO', NULL, 1),
(2031, 155, 'FLOR DE JUNCALITO', NULL, 1),
(2032, 155, 'VENCEDORES DE VILLA JARDIN', NULL, 1),
(2033, 155, 'ZANJON DULCE', NULL, 1),
(2034, 155, 'LOMAS DE JUNCALITO', NULL, 1),
(2035, 155, 'BRISAS POPULAR DEL PARAISO', NULL, 1),
(2036, 155, 'EL MAIZAL', NULL, 1),
(2037, 155, 'FINCA SANTA BARBARA', NULL, 1),
(2038, 155, 'LAS VEGAS DEL TORITO', NULL, 1),
(2039, 156, 'CAJA DE AGUA CIRCUITO 13', NULL, 1),
(2040, 156, 'ASENTAMIENTO POPULAR LA TRINIDAD', NULL, 1),
(2041, 156, 'CASCO CENTRAL DE TOCUYITO', NULL, 1),
(2042, 156, 'EL ROSARIO', NULL, 1),
(2043, 156, 'LA GRAN SABANA', NULL, 1),
(2044, 156, 'EL ROSAL', NULL, 1),
(2045, 156, 'COLINAS DEL ROSARIO', NULL, 1),
(2046, 156, 'CAMPO SOLO', NULL, 1),
(2047, 156, 'LOS ROSALES', NULL, 1),
(2048, 156, 'LA TRINIDAD II', NULL, 1),
(2049, 156, 'VILLAS DE TOCUYITO', NULL, 1),
(2050, 156, 'BUENA VISTA II', NULL, 1),
(2051, 156, 'COMUNIDAD RURAL ACHAGUAS', NULL, 1),
(2052, 156, 'CONJUNTO RESIDENCIAL LOS 300', NULL, 1),
(2053, 156, 'LA BENDICION DEL ROSARIO', NULL, 1),
(2054, 156, 'EL BAJIO', NULL, 1),
(2055, 156, 'SANTA PAULA', NULL, 1),
(2056, 156, 'VALLES DE SAN FRANCISCO', NULL, 1),
(2057, 157, 'COLINA DE CARRIZALES', NULL, 1),
(2058, 157, 'ASENTAMIENTO CAMPESINO EL OASIS', NULL, 1),
(2059, 157, 'EL MOLINO 2007', NULL, 1),
(2060, 157, 'COMUNIDAD AGRICOLA NUEVA ESPERANZA', NULL, 1),
(2061, 157, 'AGRARIO EL ENCANTO 3', NULL, 1),
(2062, 157, 'LAS NARANJAS', NULL, 1),
(2063, 157, 'LAS TORRES', NULL, 1),
(2064, 157, 'EL ENCANTO', NULL, 1),
(2065, 157, 'ELOHIM', NULL, 1),
(2066, 157, 'EL ARAÑERO DE SABANETA', NULL, 1),
(2067, 157, 'EZEQUIEL ZAMORA', NULL, 1),
(2068, 157, 'AGROPRODUCTIVA EL OASIS', NULL, 1),
(2069, 157, 'SAN PABLO EXTERIOR', NULL, 1),
(2070, 157, 'VILLAS DE COLINA', NULL, 1),
(2071, 157, 'URB LA ESPERANZA', NULL, 1),
(2072, 157, 'EL OASIS', NULL, 1),
(2073, 157, 'SAN PABLO CARIBE', NULL, 1),
(2074, 157, 'SAN PABLO BANESCO', NULL, 1),
(2075, 158, 'AGRICOLA LA TRILLA', NULL, 1),
(2076, 158, 'ARENOSA CARACAMATAL AGRICOLA', NULL, 1),
(2077, 158, 'ARENOSA I', NULL, 1),
(2078, 158, 'ARENOSA II ANTIGUA MACAPO', NULL, 1),
(2079, 158, 'ASENTAMIENTO CAMPESINO PALMAROTE', NULL, 1),
(2080, 158, 'BARRERITA I', NULL, 1),
(2081, 158, 'BARRERITA II SECTOR BELLAVISTA', NULL, 1),
(2082, 158, 'BRISAS DEL MAYORAL', NULL, 1),
(2083, 158, 'CORTADORA', NULL, 1),
(2084, 158, 'EL MESTIZO', NULL, 1),
(2085, 158, 'EL PALMAR DE PAYA', NULL, 1),
(2086, 158, 'EL RINCON', NULL, 1),
(2087, 158, 'LA ARENOSA EL TIGRE', NULL, 1),
(2088, 158, 'LA DOMINGA', NULL, 1),
(2089, 158, 'LA GRAN BATALLA', NULL, 1),
(2090, 158, 'LAS CUEVAS', NULL, 1),
(2091, 158, 'LAS PALMAS DE SAN PEDRO', NULL, 1),
(2092, 158, 'PALMA AMARILLA', NULL, 1),
(2093, 158, 'PALMARITO EL ROBLE', NULL, 1),
(2094, 158, 'PERRO SECO', NULL, 1),
(2095, 158, 'SABANITA', NULL, 1),
(2096, 158, 'SAN JOSE DE PIRA PIRA', NULL, 1),
(2097, 159, 'VALENCEY', NULL, 1),
(2098, 159, 'LUCHADORES DE LOS CHAGUARAMOS', NULL, 1),
(2099, 159, 'AMBROSIO PLAZA', NULL, 1),
(2100, 159, 'LA PICA', NULL, 1),
(2101, 159, 'BRAVO PUEBLO', NULL, 1),
(2102, 159, 'BRISAS DE AGUA FRIA', NULL, 1),
(2103, 159, 'LAGUNA DE PIEDRA', NULL, 1),
(2104, 159, 'RINCONSITO', NULL, 1),
(2105, 159, 'CERRO NEGRO', NULL, 1),
(2106, 159, 'BRISAS DEL CAMPO', NULL, 1),
(2107, 159, 'AGUA LINDA', NULL, 1),
(2108, 159, 'LOS ALBARET', NULL, 1),
(2109, 160, 'FUNDO LA ESPERANZA', NULL, 1),
(2110, 160, 'FUNDO LA ESPERANZA I Y II', NULL, 1),
(2111, 160, 'TOMA DE LA YAGUARA', NULL, 1),
(2112, 160, 'LOMAS DE LA ESPERANZA', NULL, 1),
(2113, 160, 'VENCEDORES DE LA YAGUARA.', NULL, 1),
(2114, 160, 'LA YAGUARA', NULL, 1),
(2115, 160, 'SECTOR 3', NULL, 1),
(2116, 160, 'AMBITO B RURAL', NULL, 1),
(2117, 160, 'LOS CARACAROS', NULL, 1),
(2118, 160, 'MI PEQUEÑA VENECIA', NULL, 1),
(2119, 160, 'NATIVIDAD', NULL, 1),
(2120, 161, 'HIJOS DE BARRERA', NULL, 1),
(2121, 161, 'YAGUARA VIEJA AMBITO 1', NULL, 1),
(2122, 161, 'ALTOS DE YAGUARA', NULL, 1),
(2123, 161, 'SECTOR LA ESCALERITA', NULL, 1),
(2124, 161, 'TERRAZA DE LA ESTANCIA SECTOR 1', NULL, 1),
(2125, 161, 'TERRAZA DE LA ESTANCIA SECTOR 2', NULL, 1),
(2126, 161, 'TERRAZA DE LA ESTANCIA SECTOR 3', NULL, 1),
(2127, 161, 'ANIMA DE LA YAGUARA', NULL, 1),
(2128, 161, 'BATALLA DE CARABOBO', NULL, 1),
(2129, 161, 'YAGUARA VIEJA AMBITO 2', NULL, 1),
(2130, 161, 'BRISAS DE SANTA ISABEL', NULL, 1),
(2131, 161, 'SAN RAFAEL', NULL, 1),
(2132, 161, 'VENCEDORES DE BARRERA NORTE', NULL, 1),
(2133, 161, 'SAFARI CARABOBO', NULL, 1),
(2134, 162, 'CAMBURITO TARABANA', NULL, 1),
(2135, 162, 'MOUNT VERNOT SECTOR LA LARA', NULL, 1),
(2136, 162, 'COMUNIDAD AGROPECUARIA DE CAMPOSARE', NULL, 1),
(2137, 162, 'ANDRES BELLO', NULL, 1),
(2138, 162, 'LAS DOS BOCAS', NULL, 1),
(2139, 162, 'LA INDIA', NULL, 1),
(2140, 162, 'LA LAGUNITA', NULL, 1),
(2141, 162, 'VALLES DE BARRERA', NULL, 1),
(2142, 162, 'CERRO DE PAJA', NULL, 1),
(2143, 162, 'LIBRO ABIERTO', NULL, 1),
(2144, 162, 'EZEQUIEL ZAMORA VIA BEJUMA', NULL, 1),
(2145, 162, 'JOSE RAFAEL', NULL, 1),
(2146, 162, 'BUENA VISTA', NULL, 1),
(2147, 162, 'AGRARIO 24 DE JUNIO', NULL, 1),
(2148, 162, 'BATALLA EL PALMAR Y EL HOYO', NULL, 1),
(2149, 162, 'LA CHIVERA', NULL, 1),
(2150, 162, 'GUMERSINDO CASTILLO', NULL, 1),
(2151, 162, 'COMPLEJO PRODUCTIVO LA ESTANCIA', NULL, 1),
(2152, 163, 'BARRERA CENTRO', NULL, 1),
(2153, 163, 'BARRERA SUR', NULL, 1),
(2154, 163, 'JOSE LUIS MARTINEZ A', NULL, 1),
(2155, 163, 'JOSE LUIS MARTINEZ B', NULL, 1),
(2156, 163, 'LAS AMERICAS', NULL, 1),
(2157, 163, 'EL SUN SUN', NULL, 1),
(2158, 163, 'ALEGRIA NEGRO PRIMERO', NULL, 1),
(2159, 163, 'MANZANAS 1', NULL, 1),
(2160, 163, 'MANZANAS 2', NULL, 1),
(2161, 163, 'NUEVO CARABOBO', NULL, 1),
(2162, 163, 'PUERTO NUEVO LAS MINAS', NULL, 1),
(2163, 163, 'ALGORROBAL', NULL, 1),
(2164, 163, 'EL PANAL', NULL, 1),
(2165, 163, 'HECTOR PEREDA', NULL, 1),
(2166, 163, 'COLINA DE CARABOBO', NULL, 1),
(2167, 163, 'CAMBUR DE MARICHAL', NULL, 1),
(2168, 163, 'EL CHAPARRAL', NULL, 1),
(2169, 163, 'PARDERO EL NAIPE', NULL, 1),
(2170, 163, 'GUALEMBE', NULL, 1),
(2171, 163, 'NAIPE 1', NULL, 1),
(2172, 163, 'AGROGRIO MORRO', NULL, 1),
(2173, 163, 'NAIPE 2', NULL, 1),
(2174, 163, 'EL BARNIZ', NULL, 1),
(2175, 163, 'MANZANA 3', NULL, 1),
(2176, 164, 'COPITO', NULL, 1),
(2177, 164, 'BOQUERON', NULL, 1),
(2178, 164, 'EL DESPERTAR', NULL, 1),
(2179, 164, 'GINEO', NULL, 1),
(2180, 164, 'EL LETRERO', NULL, 1),
(2181, 164, 'FELIX ADAMS', NULL, 1),
(2182, 164, 'LA SABANA DE CANOABO', NULL, 1),
(2183, 164, 'LA SECA', NULL, 1),
(2184, 164, 'PUEBLO NUEVO', NULL, 1),
(2185, 164, 'CANOABO SAN JOSE', NULL, 1),
(2186, 164, 'SANTA ANA', NULL, 1),
(2187, 164, 'SANTA ROSA', NULL, 1),
(2188, 164, 'CANOABITO', NULL, 1),
(2189, 164, 'AGROHABITACIONAL TIERRA Y LUCHA', NULL, 1),
(2190, 164, 'AGUA CLARA', NULL, 1),
(2191, 164, 'PALMICHAL', NULL, 1),
(2192, 164, 'CIUDADELA CATIRE ACOSTA CARLEZ', NULL, 1),
(2193, 164, 'LOS NARANJOS', NULL, 1),
(2194, 164, 'LAS ROSAS', NULL, 1),
(2195, 164, 'COCOROTE', NULL, 1),
(2196, 164, 'GUARAPO', NULL, 1),
(2197, 164, 'VALLE HONDO', NULL, 1),
(2198, 165, 'CHIRGUA ABAJO', NULL, 1),
(2199, 165, 'LA OFICINA', NULL, 1),
(2200, 165, 'LA EMILIA', NULL, 1),
(2201, 165, 'POTRERITO', NULL, 1),
(2202, 165, 'ALCABALA NUEVA', NULL, 1),
(2203, 165, 'SIMON BOLIVAR 24 DE JULIO', NULL, 1),
(2204, 165, 'LA PAREDEÑA', NULL, 1),
(2205, 165, 'EL PERICO', NULL, 1),
(2206, 165, 'CASUPITO LAS PIEDRITAS 2', NULL, 1),
(2207, 165, 'LOS RANCHOS', NULL, 1),
(2208, 165, 'LA COLONIA', NULL, 1),
(2209, 165, 'CASUPITO 2', NULL, 1),
(2210, 165, 'COLINA JACINTO BRITO', NULL, 1),
(2211, 165, 'LA MONA', NULL, 1),
(2212, 165, 'LA CURVA', NULL, 1),
(2213, 165, 'CARIAPRIMA', NULL, 1),
(2214, 165, 'TRAPICHE LA EMILIA', NULL, 1),
(2215, 165, 'SIMON BOLIVAR CASUPITO 777', NULL, 1),
(2216, 165, 'ALCABALA VIEJA', NULL, 1),
(2217, 165, 'SECTOR EL LEON', NULL, 1),
(2218, 165, 'ASENTAMIENTO CAMPESINO EZEQUIEL ZAMORA', NULL, 1),
(2219, 165, 'GRANO DE ORO', NULL, 1),
(2220, 165, 'EL ESFUERZO DE GUADALUPE', NULL, 1),
(2221, 165, 'CARACARO', NULL, 1),
(2222, 165, 'EL MILAGRO', NULL, 1),
(2223, 165, 'LOMAS DEL LEON 3', NULL, 1),
(2224, 165, 'EL CASTAÑO', NULL, 1),
(2225, 165, 'MIRAFLORES', NULL, 1),
(2226, 165, 'MERECURE', NULL, 1),
(2227, 165, 'SANTA BARBARA', NULL, 1),
(2228, 165, 'URBANISMO HUGO CHAVEZ', NULL, 1),
(2229, 166, 'EZEQUIEL ZAMORA', NULL, 1),
(2230, 166, 'CARRIZAL', NULL, 1),
(2231, 166, 'BEJUMITA', NULL, 1),
(2232, 166, 'CHIRGUITA N15', NULL, 1),
(2233, 166, 'SAN RAFAEL', NULL, 1),
(2234, 166, 'UNION', NULL, 1),
(2235, 166, 'LAS MANZANITAS', NULL, 1),
(2236, 166, 'LA GRAN MANZANA', NULL, 1),
(2237, 166, 'EL RINCON 1B', NULL, 1),
(2238, 166, 'BEJUMA 1A', NULL, 1),
(2239, 166, 'NEGRA MATEA', NULL, 1),
(2240, 166, 'BRISAS DEL PARAISO', NULL, 1),
(2241, 166, 'WILLIAM LARA', NULL, 1),
(2242, 166, 'LOS PARQUES', NULL, 1),
(2243, 166, 'TIERRA NEGRA', NULL, 1),
(2244, 166, 'TIERRA BLANCA', NULL, 1),
(2245, 167, 'EL VIGIA', NULL, 1),
(2246, 167, 'FUNDADORES', NULL, 1),
(2247, 167, 'PEDRO CAMEJO', NULL, 1),
(2248, 167, 'TUCUPIDO', NULL, 1),
(2249, 167, 'PUEBLO NUEVO', NULL, 1),
(2250, 167, 'SURTIDOR', NULL, 1),
(2251, 167, 'JARDIN DE CARABOBO', NULL, 1),
(2252, 167, 'LAS PALMAS', NULL, 1),
(2253, 167, 'NARANJAL', NULL, 1),
(2254, 167, 'CATIRE ACOSTA CARLEZ SECTOR LOS FUNDADORES', NULL, 1),
(2255, 167, 'ALTOS DE REYES', NULL, 1),
(2256, 167, 'LA ALEGRIA', NULL, 1),
(2257, 167, 'PUEBLO E PAJA', NULL, 1),
(2258, 167, 'DE MANO CON LA REVOLUCION', NULL, 1),
(2259, 168, 'MOCUNDO LA GUAMITA', NULL, 1),
(2260, 168, 'AGUIRRE CENTRO', NULL, 1),
(2261, 168, 'LOS JIRAJARA', NULL, 1),
(2262, 168, 'ANGELONAL LA PICA', NULL, 1),
(2263, 168, 'SABANA DE AGUIRRE', NULL, 1),
(2264, 168, 'VENCEDORES DEL CAMPO', NULL, 1),
(2265, 168, 'CERCA DEL CAMPO', NULL, 1),
(2266, 169, 'CENTRO I', NULL, 1),
(2267, 169, 'CENTRO I LAS COPAS', NULL, 1),
(2268, 169, 'CACIQUE WARACAY', NULL, 1),
(2269, 169, 'EL CHARAL', NULL, 1),
(2270, 169, 'NUEVO MONTALBAN', NULL, 1),
(2271, 169, 'BACHI JOSE ANDRES CASTILLO', NULL, 1),
(2272, 169, 'TOCORON 1', NULL, 1),
(2273, 169, 'TOCORON 2 Y 3', NULL, 1),
(2274, 169, 'EL MILAGRO', NULL, 1),
(2275, 169, 'CAFETAL', NULL, 1),
(2276, 169, 'NAPOLEON OSORIO', NULL, 1),
(2277, 170, 'OTILIA MACHADO', NULL, 1),
(2278, 170, 'FRANCISCO DE MIRANDA 1', NULL, 1),
(2279, 170, 'FRANCISCO DE MIRANDA 2', NULL, 1),
(2280, 170, 'BALCONES DE MONTALBAN', NULL, 1),
(2281, 170, 'EL BAMBU DE ALI PRIMERA', NULL, 1),
(2282, 170, 'LAS MERCEDES SUB SECTOR 1 CRUZ LA TOCA', NULL, 1),
(2283, 170, 'LAS MERCEDES SUB SECTOR 4', NULL, 1),
(2284, 170, 'UNION LAS MERCEDES', NULL, 1),
(2285, 170, 'LAS MATAS II', NULL, 1),
(2286, 170, 'AGUA DE OBISCO', NULL, 1),
(2287, 170, 'SABANETA NORTE', NULL, 1),
(2288, 170, 'NEGRO PRIMERO', NULL, 1),
(2289, 171, 'AGRICOLAS LOS CAMACAROS', NULL, 1),
(2290, 171, 'LOS CABALLOS', NULL, 1),
(2291, 171, 'MONTE SINAI', NULL, 1),
(2292, 171, 'MIRANDITA', NULL, 1),
(2293, 171, 'EL PAJAL', NULL, 1),
(2294, 171, 'CAJA DE AGUA', NULL, 1),
(2295, 171, 'NARANJOS 1', NULL, 1),
(2296, 171, 'LOS NARANJOS 2', NULL, 1),
(2297, 171, 'LOS NARANJITOS', NULL, 1),
(2298, 171, 'CURAZAITO', NULL, 1),
(2299, 171, '19 DE SEPTIEMBRE', NULL, 1),
(2300, 171, 'SABANA ARRIBA', NULL, 1),
(2301, 171, 'LOMAS DE LOS NARANJOS', NULL, 1),
(2302, 171, 'ARGRICOLA MAPANARAL', NULL, 1),
(2303, 172, 'BICENTENARIO', NULL, 1),
(2304, 172, 'MONTE OSCURO', NULL, 1),
(2305, 172, 'EL TAÑERO', NULL, 1),
(2306, 172, 'EL PEÑUZCO', NULL, 1),
(2307, 172, 'DIEGO SALAZAR', NULL, 1),
(2308, 172, 'CHAVEZ VIVE', NULL, 1),
(2309, 172, 'WILLIAM LARA', NULL, 1),
(2310, 172, 'LAS PIEDRITAS', NULL, 1),
(2311, 172, 'COMUNIDAD DEL CENTRO', NULL, 1),
(2312, 172, 'EL PLAYON', NULL, 1),
(2313, 172, 'BANCO OBRERO VALLES ALTOS', NULL, 1),
(2314, 172, 'MIGUEL PIÑERO', NULL, 1),
(2315, 172, 'COMANDANTE SUPREMO', NULL, 1),
(2316, 172, 'SAN ROQUE CIUDADELA', NULL, 1),
(2317, 172, '23 DE ENERO', NULL, 1),
(2318, 173, 'SAN RAFAEL', NULL, 1),
(2319, 173, 'SANTO TOMAS', NULL, 1),
(2320, 173, 'SABANETA SUR', NULL, 1),
(2321, 173, 'ALTOS DE MESAS', NULL, 1),
(2322, 173, 'SAN JOSE 1', NULL, 1),
(2323, 173, 'HELECHAL', NULL, 1),
(2324, 173, 'SAN JOSE 2', NULL, 1),
(2325, 173, 'MINA EL TEAMAL', NULL, 1),
(2326, 173, 'BRISAS SANTA EDUVIGES', NULL, 1),
(2327, 173, 'SAN PABLO', NULL, 1),
(2328, 173, 'SAN ROQUE EL CHORRO', NULL, 1),
(2329, 173, 'EL HOYO', NULL, 1),
(2330, 173, 'SANTA ROSA DEL SUR', NULL, 1);

-- --------------------------------------------------------

--
-- Estructura de tabla para la tabla `solicitantes`
--

CREATE TABLE `solicitantes` (
  `id` int(10) UNSIGNED NOT NULL,
  `cedula` varchar(15) DEFAULT NULL,
  `nombre_solicitante` varchar(120) NOT NULL,
  `telefono1` varchar(20) NOT NULL,
  `telefono2` varchar(20) DEFAULT NULL
) ENGINE=InnoDB DEFAULT CHARSET=utf8mb4 COLLATE=utf8mb4_general_ci;

--
-- Volcado de datos para la tabla `solicitantes`
--

INSERT INTO `solicitantes` (`id`, `cedula`, `nombre_solicitante`, `telefono1`, `telefono2`) VALUES
(1, '31034138', 'Juan Soto', '04145779060', '');

-- --------------------------------------------------------

--
-- Estructura de tabla para la tabla `tipos_emergencia`
--

CREATE TABLE `tipos_emergencia` (
  `id` int(10) UNSIGNED NOT NULL,
  `nombre` varchar(100) NOT NULL,
  `estado` tinyint(1) DEFAULT 1,
  `descripcion` varchar(255) DEFAULT ''
) ENGINE=InnoDB DEFAULT CHARSET=utf8mb4 COLLATE=utf8mb4_general_ci;

--
-- Volcado de datos para la tabla `tipos_emergencia`
--

INSERT INTO `tipos_emergencia` (`id`, `nombre`, `estado`, `descripcion`) VALUES
(1, 'Seguridad Ciudadana y Orden Público', 1, ''),
(2, 'Emergencias Médicas y de Salud', 1, ''),
(3, 'Gestión de Riesgos, Incendios y Salvamento', 1, ''),
(4, 'Servicios Públicos e Infraestructura', 1, '');

-- --------------------------------------------------------

--
-- Estructura de tabla para la tabla `usuarios`
--

CREATE TABLE `usuarios` (
  `id` int(10) UNSIGNED NOT NULL,
  `usuario` varchar(30) NOT NULL,
  `password` varchar(255) NOT NULL,
  `nombre_completo` varchar(150) NOT NULL,
  `cedula` varchar(12) DEFAULT NULL,
  `rol_id` int(10) UNSIGNED NOT NULL,
  `estado` enum('activo','inactivo') NOT NULL DEFAULT 'activo',
  `pregunta_1_id` int(10) UNSIGNED DEFAULT NULL,
  `pregunta_2_id` int(10) UNSIGNED DEFAULT NULL,
  `respuesta_1` varchar(255) DEFAULT NULL,
  `respuesta_2` varchar(255) DEFAULT NULL
) ENGINE=InnoDB DEFAULT CHARSET=utf8mb4 COLLATE=utf8mb4_general_ci;

--
-- Volcado de datos para la tabla `usuarios`
--

INSERT INTO `usuarios` (`id`, `usuario`, `password`, `nombre_completo`, `cedula`, `rol_id`, `estado`, `pregunta_1_id`, `pregunta_2_id`, `respuesta_1`, `respuesta_2`) VALUES
(1, 't3cn0l0gia', '$2y$10$.6BKtm3VCGP211VKXDOh0O32SG9VOkVpYII0ZOJifErRDoHroGoF.', 'Tecnologia', '00000000', 1, 'activo', 1, 2, '$2y$10$e5ETAU0Eu8H7Z6V50PUd1ujOHzg2bBs5Lg11uPe3C2DPGPtqDfaKm', '$2y$10$uexE824x4sLdvOlAMQdCoOxjCUXF/BTQ.W2VNrXP938yetTqzWBQe'),
(2, 'usuario1', '$2y$10$zujfXRZfGrm3kv9dgKxgPOP8NJPkYvoVUS1Emd5XG.SZxJj5eKj1y', 'test1', '00000001', 1, 'activo', NULL, NULL, NULL, NULL),
(3, 'usuario2', '$2y$10$ARZpVf3UXpfgPqFms3NwL.xD/foHHLPGdUAxcO/KRjPSIcGCWQWGy', 'test2', '00000002', 1, 'activo', NULL, NULL, NULL, NULL),
(4, 'usuario3', '$2y$10$YjklI2CMxmtGaY8joXj1a.ZRIk.CBYcYsFgkpo6H4xA1EwWUKgbuO', 'test3', '00000003', 1, 'activo', NULL, NULL, NULL, NULL),
(5, 'usuario4', '$2y$10$bnrFyDtgoN/4q52/lwRdtudSZMaE7ofREnMCgwGG5HjYXdu.cxVBW', 'test4', '00000004', 2, 'inactivo', NULL, NULL, NULL, NULL),
(6, 'Supervisor1', '$2y$10$EyzaNg5FOfqX52NhWSgD6uDiScW.t57TkdP/DxyhB2O7EDS8lnEFy', 'ALASTRE ARAPE JOHAN JOSE', '27381080', 4, 'activo', NULL, NULL, NULL, NULL),
(7, 'Despachador1', '$2y$10$/3orRmvIBPeQFK.3oZue9.CspYJnwwC.ym0ot7aG0NLMbrG6o1qOC', 'SEPULVEDA GONZALEZ WILL EDUARDO', '29590340', 3, 'activo', NULL, NULL, NULL, NULL),
(8, 'Operador1', '$2y$10$1LWpAQ.xLSXk2MkvoxTZT.Q0HU0y6BjfNkoYzo8YL9rwH0i6QnEwi', 'RIERA LEONARDO ALEJANDRO', '20731531', 2, 'activo', NULL, NULL, NULL, NULL),
(9, 'Operador2', '$2y$10$GtuxBemexCp1a1zAbM3wIuqJI99T2/YxVjKyUlANk9OkMPbm194pW', 'DELGADO OJEDA IBIS YANETH', '21017022', 2, 'activo', NULL, NULL, NULL, NULL),
(10, 'Operador3', '$2y$10$LchwOcTam2BjirRkkrpqGu3vBSXacTXILGt2AYH.9tOkZ4ROH5wBG', 'MORILLO CASTELLANOS MARLIS CAROLINA', '18868572', 2, 'activo', NULL, NULL, NULL, NULL),
(11, 'Operador4', '$2y$10$ka/eXTm07XcgVFN5UTj.wuQvGP6gaEoVoDOXEJi95keu..ja8rv7i', 'PACHECO SUAREZ ASTRID CAROLINA', '19206835', 2, 'activo', NULL, NULL, NULL, NULL),
(12, 'Operador5', '$2y$10$4s.6pECbDWU.wgHuU3/d1Oq7xS9NCM7Yp8/XDDPvkZkPGPHAwhRYO', 'SOLORZANO SOLORZANO LEIDY DIANA', '19129051', 2, 'activo', NULL, NULL, NULL, NULL),
(13, 'Operador6', '$2y$10$Eh2mUGVWqXtC.o20rx3EGu/lASWeXSkVQSLInOINnHUv3K8M3Y8PS', 'GARCIA CASTILLO JENNY ANDREINA', '17044643', 2, 'activo', NULL, NULL, NULL, NULL),
(14, 'Operador7', '$2y$10$4/d45pDl1aFxfTK.jgY.A.XdB9Xxv3JNOhz1mUMd0CacRF.54Rhr.', 'PAEZ URBANO KEILY RUSMERY', '27609816', 2, 'activo', NULL, NULL, NULL, NULL),
(15, 'Operador8', '$2y$10$ka2G7ZNop87/ywJ3kvCEpe2dTy3zlOBT1no2SqaqKoejz2kp/GSfe', 'SARMIENTO HERRERA RAIMARY COROMOTO', '24395971', 2, 'activo', NULL, NULL, NULL, NULL),
(16, 'Operador9', '$2y$10$RcFmQ1g0h00N6bBffNnsxO1FMc0fhGR1o/.QBvkH/jxd8qo/ygwz.', 'RODRIGUEZ HEREIDA YOLIMAR', '15219245', 2, 'activo', NULL, NULL, NULL, NULL),
(17, 'Operador10', '$2y$10$nEF9kTr26ipBkz2ZSFPSj.fAGwCwMU0gINtuPnTpHXmWT6G5jw5x6', 'SEQUERA GONZALEZ DAVID JOSE', '26642660', 2, 'activo', NULL, NULL, NULL, NULL),
(18, 'Operador11', '$2y$10$DbmvMubtdK2YG6IoUvFj2OJsuh6ARtHrflwIX593XwO0GiRVSqyzS', 'FERNANDEZ FERNANDEZ AMYURI CAROLINA', '18168744', 2, 'activo', NULL, NULL, NULL, NULL),
(19, 'Operador12', '$2y$10$K0b4Z23jwlPYo5UXOGR25.h01rjSsALxamyydLmJ9Ux4AQN9g4tm2', 'PEREZ GONZALEZ NERYMAR DAYANA', '31554288', 2, 'activo', NULL, NULL, NULL, NULL),
(20, 'Operador13', '$2y$10$1gI5.OJEZ59PLQvm2PdZb.rrysrGT9OSdQvWQHP/.FI9Gm3o5/.AO', 'CALDERON GONZALEZ KELY YULEISI', '24471305', 2, 'activo', NULL, NULL, NULL, NULL),
(21, 'Operador14', '$2y$10$.qNb.O7WBSg41.vMfJKGnOhkTjXyF0ltH0EZQbsVrCy0QqU4.wRQO', 'MORALES HENRIQUEZ JOSE ALEJANDRO', '26011899', 2, 'activo', NULL, NULL, NULL, NULL),
(22, 'Despachador2', '$2y$10$ITrVrRzu4oqCAtjgWqzoe.jXJ6uQCtxmL5DII1sE3crK/tOm6ugqy', 'MENDEZ CAMBERO MEDELEYN SCARLET', '17809242', 3, 'activo', NULL, NULL, NULL, NULL),
(23, 'Operador15', '$2y$10$jCI0EAyOxVunJT5pQvDjB..MTZ.ucldJmOB67RMDlR4B6ZgBEQ9Fq', 'ESPINOZA GONZALEZ JENNIFER DEL VALLE', '28138145', 2, 'activo', NULL, NULL, NULL, NULL),
(24, 'Operador16', '$2y$10$aNYMQDdF87K9NWTtkf.VHuaeadrp8NgEY1fP3iew31w8ljxVZjpSK', 'PINEDA BLANCO MIGDALIA GERALDINE', '19668175', 2, 'activo', NULL, NULL, NULL, NULL),
(25, 'Operador17', '$2y$10$ugC3FqhpwS9rwOKpO7kJcu63E5RGsNn2uDLnU0aPm3HGgrNxk7iD.', 'HERNANDEZ DOUBAIN JONATHAN ALEXANDER', '24330651', 2, 'activo', NULL, NULL, NULL, NULL),
(26, 'Operador18', '$2y$10$9lsqnyEDNxOSwuAXxS70qOsqPHC5dUkM7I0jLg2RfUf4VswtvKOb6', 'CHAVEZ CHOURIO YEILYN YOHANA', '26086775', 2, 'activo', NULL, NULL, NULL, NULL),
(27, 'Operador19', '$2y$10$g9yg2SEGWBciITzyMiVKdeM3L7Cowo0mn3d72kzDyrXZbN0faVtmi', 'FLORES MACHADO  YULIANGELIS ANAIS', '21217646', 2, 'activo', NULL, NULL, NULL, NULL),
(28, 'Operador20', '$2y$10$Q8GDqDJpSbiBi6Y8tYAX0u/pfKCxGR6nWx/Cmz0E0Nr9eRoJ3ajEC', 'CASTILLO CARLOS JOSE', '16206008', 2, 'activo', NULL, NULL, NULL, NULL),
(29, 'Despachador3', '$2y$10$BiSDu1kYKnpEuYHl7PAqXeNwXuYjst5Rw44gAEPEy3sV5zVHkWXUi', 'PERDOMO PEREZ JULEXIS CAROLINA', '22422858', 3, 'activo', NULL, NULL, NULL, NULL),
(30, 'Operador21', '$2y$10$Z0oWImH0szx5dLkyiUw5k.wcovUU8F0gmZ7FcOoLGvvCx0poBlFGK', 'URBINA BENITEZ VICTOR ONEIVI', '26642313', 2, 'activo', NULL, NULL, NULL, NULL),
(31, 'Operador22', '$2y$10$RZCROlcL2PyG.wrryYu0E.0P9AgImrAtKNYKeTRcoePnwHj1huwXu', 'ORTEGA GONZALEZ KAREN ANDREINA', '23412161', 2, 'activo', NULL, NULL, NULL, NULL),
(32, 'Operador23', '$2y$10$OER//Nb2B0dSSBOqBoWuuesE/AqIDjy.a88uHf8EfVGUoO2CUGrJe', 'PORTE ESPINOZA OSCAR EDUARDO', '27609847', 2, 'activo', NULL, NULL, NULL, NULL),
(33, 'Operador24', '$2y$10$1pbw4HeITUb/myAwV71ThOwiwcf.1bF9Bkoir3BXPvEJYAgj85bFS', 'MUSETT RAMIREZ WIRLIANNY YEXUBEDAJAIR', '30336817', 2, 'activo', NULL, NULL, NULL, NULL),
(34, 'Operador25', '$2y$10$dyyRtv1o0KmyF50eOIH9Te7y04lKY1WtiRpiDFiAf394hzqBvlRy2', 'BARRIENTOS ROSENDO MIRIANGI KATHERINE', '19860722', 2, 'activo', NULL, NULL, NULL, NULL),
(35, 'Operador26', '$2y$10$NKltOEr/ZS1yCxYotYFyFOqJcNSV8Ti/DVk.mgvbTPg2BF/eqOzcG', 'ARISTIMUÑO BRAVO GLEDIS YUDIMAR', '20082338', 2, 'activo', NULL, NULL, NULL, NULL),
(36, 'Operador27', '$2y$10$jTxtrVYZcAA46p9qYtcuA.5C9CbadJj3vUAwK9AmtYINaZTdHv6vq', 'VELASQUEZ SALA JOHAIRYS  COROMOTO', '27430490', 2, 'activo', NULL, NULL, NULL, NULL),
(37, 'Operador28', '$2y$10$AeLJW2Uxg/RBcQff4T8R..o7iWvYi6VSDHNGIcZ6e1EEp0n7nmkzW', 'SALCEDO MOLINA YUNEISY NOELY', '27445987', 2, 'activo', NULL, NULL, NULL, NULL),
(38, 'Operador29', '$2y$10$AZtBvBfMxcHEP4Md4q2F6O6J.Lw52LEAnUby3MTRKazEOGFGmwlgO', 'SUAREZ VASQUEZ DANIBEL', '16772957', 2, 'activo', NULL, NULL, NULL, NULL),
(39, 'Operador30', '$2y$10$lLtmXEWLqT31AHpvN1qRduFG19XAhy2i.96bEOOgfIvM5uEx79m.q', 'MARCHAN SALCEDO FERDINAND ANTONIO', '21241958', 2, 'activo', NULL, NULL, NULL, NULL),
(40, 'Operador31', '$2y$10$ImVsc6Cp9tEPBfMGbohLs.4hZYr6Bu3TM4DR8rdeRndLXEbcUe01e', 'CORDOVA SIFONTES EDGARDO JESUS', '28384893', 2, 'activo', NULL, NULL, NULL, NULL),
(41, 'Operador32', '$2y$10$ypslEQtU/RGgTN0OxxfgXeo/UXXkSe/zlUiTlYp4Rii7vE7pBZBAO', 'CASTILLO AGUIRRE ALBANIS  JOSE', '24915445', 2, 'activo', NULL, NULL, NULL, NULL),
(42, 'Operador33', '$2y$10$uV2LceLF5OJnzpoKUZjkue7hSPlgrkNKpzJ0xATXsy2Q.tNSYSH7y', 'MORENO PARRA EDUVEISMAR ZURUBI', '26670173', 2, 'activo', NULL, NULL, NULL, NULL),
(43, 'operador34', '$2y$10$GyO0kuMQ.2YI8AxRlHFzc.6VVCugIo4h5qKowe/JWKVEyfIt3xiJ6', 'YEPEZ BENAVIDES LUISANA', '16455611', 2, 'activo', NULL, NULL, NULL, NULL),
(44, 'operador35', '$2y$10$/qUziiJDgLss2ZqmlQksKe339/jrbf8qyGHoqHej97oeT3mrsgLzS', 'LOPEZ ARCINIEGAS SANDRA PATRICIA', '24317979', 2, 'activo', NULL, NULL, NULL, NULL),
(45, 'operador36', '$2y$10$p2kqPDgK1s2w38RiHdyWEuwEJuFatcYbMi3CCbrFr.LfX3xhH82l.', 'LOPEZ GONZALEZ BETANIA ODDELYS', '26629108', 2, 'activo', NULL, NULL, NULL, NULL),
(46, 'operador37', '$2y$10$t2kZOAg.ITKUr/LfEFYLxOLH5.bavor3ZjDZckIkJwgEWeyiuDG32', 'MATUTE VITRIAGO WLADIMIR ALEXANDER', '30331913', 2, 'activo', NULL, NULL, NULL, NULL),
(47, 'operador38', '$2y$10$ApSItCnYcw7tTOXEeUNh9.zn1hQbcO6lFE.uRujFfM/Sb3Gd.yCZe', 'MARTINEZ TARAZONA NATHACHA VALENTINA', '30335009', 2, 'activo', NULL, NULL, NULL, NULL),
(48, 'operador39', '$2y$10$RjoupedT4UK68h0VL9MEFOu/bo/wijpziPMmmvSIDHeVO1SSLuw2O', 'BALLESTER GONZALEZ DAVIANA VIDALINA', '24641279', 2, 'activo', NULL, NULL, NULL, NULL),
(49, 'operador40', '$2y$10$CBz4zJiOUSl1/XyqA8nak.Ri4UI32UEC9IQ8K3RCSsTSVyFGv63VC', 'SAEZ LOBERA RAIRUTH CARVELIS', '27238853', 2, 'activo', NULL, NULL, NULL, NULL),
(50, 'operador41', '$2y$10$3..4/KZzXUbFDf.PNJKIqueuI.55c96wJjPXEiGfsQU2ARFidZuZK', 'SEGURA ACOSTA BARBARA SARAI', '21585217', 2, 'activo', NULL, NULL, NULL, NULL),
(51, 'operador42', '$2y$10$AI4RnsE.M4zERHIHCgSB2.bg4MlQL88H/JA.MZbElkaZfBKPvonpe', 'MARE VARGAS YAIZABETH DEL VALLE', '25550771', 2, 'activo', NULL, NULL, NULL, NULL),
(52, 'operador43', '$2y$10$fiz/9YJGCwlK0gSAVVRSQe6ghvb1IYgQzcbAQwIubIHQs/lJPB6tC', 'CEDEÑO GARRIDO SERGIO DANIEL', '29849203', 2, 'activo', NULL, NULL, NULL, NULL),
(53, 'operador44', '$2y$10$wyFlNBvsTApl0x3i2lYEG.9jLu69KX8OGaTEPVy0nWspikNjL24oC', 'CHAUSTRE PERNIA AHYSKELL DEL CARMEN', '19606964', 2, 'activo', NULL, NULL, NULL, NULL),
(54, 'operador45', '$2y$10$9nZ8TWg5hTz5mNTmqEdHQ.0PrZ7OT7VxV89H8htN5GTKtjgKl5aDq', 'TEJERA CASTILLO MARILIN ELENA', '17031209', 2, 'activo', NULL, NULL, NULL, NULL),
(55, 'operador46', '$2y$10$fGVPju903QvGsAdjA71ile.ez9Ul1ohepvHMW9o3Iv8MCYLiABevm', 'CRUZ PEREZ DIEGO ERNESTO', '25682317', 2, 'activo', NULL, NULL, NULL, NULL),
(56, 'operador47', '$2y$10$Cf.A7LPaSRFAnSL/semBS.a24iCt45rqlgCPgluEjrv6DRKVvLdES', 'LOPEZ MORALES LUZ MARINA', '18613445', 2, 'activo', NULL, NULL, NULL, NULL),
(57, 'operador48', '$2y$10$a5KALSHog/RoaTSx70FS5.e4Nmahyci5e6MAn7zGrvwDGWpdG9M2m', 'CHAVEZ VALECILLO HUGO RAFAEL', '27517969', 2, 'activo', NULL, NULL, NULL, NULL),
(58, 'operador49', '$2y$10$QoQ3QnlrIQ4otSEJOHMfUeJ6wc3bK5ZV7NeImXDVfSajpmt5QHA6.', 'ROSALES LEAL YORGELIS ALEJANDRA', '26338369', 2, 'activo', NULL, NULL, NULL, NULL),
(59, 'operador50', '$2y$10$1nFzt4p6nAsTVORL8o8qsOuA9YwD7EmQbpw5qD2xNehwlCsNUkmyG', 'GONZALEZ MAYORCA LEIDY JOSELIN', '18661349', 2, 'activo', NULL, NULL, NULL, NULL),
(60, 'operador51', '$2y$10$kcAUvFmsm1vF.2DW3iX9suOSchitjIDKgDgzjhsU30OWX5dwqVxQa', 'CASTILLO ROSALES PABLO JESUS', '26634075', 2, 'activo', NULL, NULL, NULL, NULL),
(61, 'operador52', '$2y$10$aFwzUAiN2wCFHgdsnCldr.Ztvdkf6KTsFlCs/ShJyYBqoq4n8Z0Qm', 'MALDONADO MOSQUERA MARILYN DEL CARMEN', '16895927', 2, 'activo', NULL, NULL, NULL, NULL),
(62, 'operador53', '$2y$10$rSHoDP6m4ibG1F7cqH2ozuh8JdEw0uRtdStHeoNFxKyR9mqFhnuXG', 'ARAUJO LIZARAZO CARLOS EDUARDO', '18362266', 2, 'activo', NULL, NULL, NULL, NULL),
(63, 'operador54', '$2y$10$8p6TIq6L6Dm6hl69eASq4uK9mmrQSYqMjnXMwuCyYerVeicM3ljx2', 'NAVEA RAUSEO JONATHAN EDUARDO', '18470206', 2, 'activo', NULL, NULL, NULL, NULL),
(64, 'operador55', '$2y$10$UY4zEkrm2tSeLVxrd/sUHOR3HQpvH.a7au9qBowz.EMBQlaE1xeH2', 'TRILLOS PAEZ YOSMAN ALEJANDRA', '29670200', 2, 'activo', NULL, NULL, NULL, NULL),
(65, 'operador56', '$2y$10$QM4wYrud1MA/0945x3KDPeJWYJiGg1hn0/HNE7N.wx8a.GM3CiefK', 'CRUCES HERNANDEZ GENESIS ODALIS', '24630279', 2, 'activo', NULL, NULL, NULL, NULL),
(66, 'operador57', '$2y$10$iRROUB6tZyVBEffyeGvHkO791SX9VTG.ezJlGiCLLms63zxJ7jGUq', 'AUGUSTIN PIAMO ANDREA ESTEFANIA', '19366411', 2, 'activo', NULL, NULL, NULL, NULL),
(67, 'operador58', '$2y$10$xa9iQCwTDzThtcTvn2N.S.CaNYtPCXxvEqY7PLN8rVuScXfUrlM26', 'VILLARREAL ROMERO BRYAN ALEJANDRO', '31021815', 2, 'activo', NULL, NULL, NULL, NULL),
(68, 'operador59', '$2y$10$/wV/V6QzQYfVvPDz34pl8OEYcPfx7Vh5shIOr0XAYBOdEhjDdXo2.', 'PEREZ GONZALEZ LUZCENIL DEL VALLE', '24972751', 2, 'activo', NULL, NULL, NULL, NULL),
(69, 'operador60', '$2y$10$56KcjelY5fMwgKRiqGGOrOjEN7L..cXZbqj/PwKkBRtZ3fRbxq4Di', 'MONJES MENDOZA MILEXA CAROLINA', '21402509', 2, 'activo', NULL, NULL, NULL, NULL),
(70, 'operador61', '$2y$10$6KD.Msx7.n97zmq10zF72eoZ9J0w7e2TXYKh2WAGeYMS1Rn596Z6y', 'LEON PURICA ANAILETH', '29785375', 2, 'activo', NULL, NULL, NULL, NULL),
(71, 'operador62', '$2y$10$K.ZI.2tqNITUsIlDRhpMlOOZ8dCm.jB1U26axPXhGzerQsJ/Q4Rme', 'ACOSTA MORALES DANELIS GABRIELA', '30912468', 2, 'activo', NULL, NULL, NULL, NULL);

--
-- Índices para tablas volcadas
--

--
-- Indices de la tabla `casos`
--
ALTER TABLE `casos`
  ADD PRIMARY KEY (`id`),
  ADD KEY `fk_caso_tipo` (`tipo_emergencia_id`);

--
-- Indices de la tabla `comunas`
--
ALTER TABLE `comunas`
  ADD PRIMARY KEY (`id`),
  ADD KEY `parroquia_id` (`parroquia_id`);

--
-- Indices de la tabla `configuracion_sistema`
--
ALTER TABLE `configuracion_sistema`
  ADD PRIMARY KEY (`id`);

--
-- Indices de la tabla `cuadrantes_paz`
--
ALTER TABLE `cuadrantes_paz`
  ADD PRIMARY KEY (`id`),
  ADD KEY `sector_id` (`sector_id`),
  ADD KEY `organismo_id` (`organismo_id`);

--
-- Indices de la tabla `despachos_organismos`
--
ALTER TABLE `despachos_organismos`
  ADD PRIMARY KEY (`id`),
  ADD KEY `fk_despacho_ficha` (`ficha_id`),
  ADD KEY `fk_despacho_organismo` (`organismo_id`),
  ADD KEY `fk_despacho_despachador` (`despachador_id`),
  ADD KEY `idx_estatus_despacho` (`estatus_despacho`),
  ADD KEY `idx_despacho_ficha_estado` (`ficha_id`,`estatus_despacho`),
  ADD KEY `fk_despacho_cuadrante` (`cuadrante_id`);

--
-- Indices de la tabla `eventos_fichas`
--
ALTER TABLE `eventos_fichas`
  ADD PRIMARY KEY (`id`),
  ADD KEY `idx_efich_ficha` (`ficha_id`),
  ADD KEY `idx_efich_usuario` (`usuario_id`),
  ADD KEY `idx_efich_tipo` (`tipo_evento`);

--
-- Indices de la tabla `eventos_sistema`
--
ALTER TABLE `eventos_sistema`
  ADD PRIMARY KEY (`id`),
  ADD KEY `fk_evsis_usuario` (`usuario_id`),
  ADD KEY `idx_evsis_fecha` (`fecha`);

--
-- Indices de la tabla `fichas_emergencia`
--
ALTER TABLE `fichas_emergencia`
  ADD PRIMARY KEY (`id`),
  ADD KEY `fk_ficha_parroquia` (`parroquia_id`),
  ADD KEY `fk_ficha_caso` (`caso_id`),
  ADD KEY `fk_ficha_solicitante` (`solicitante_id`),
  ADD KEY `fk_ficha_id_user` (`id_user`),
  ADD KEY `fk_ficha_id_owner` (`id_owner`),
  ADD KEY `idx_estado_ficha` (`estado_ficha`),
  ADD KEY `idx_fecha_creacion` (`fecha_creacion`),
  ADD KEY `idx_estado_fecha` (`estado_ficha`,`fecha_creacion`),
  ADD KEY `idx_owner_estado` (`id_owner`,`estado_ficha`),
  ADD KEY `fk_ficha_comuna` (`comuna_id`),
  ADD KEY `fk_ficha_sector` (`sector_id`);

--
-- Indices de la tabla `modulos`
--
ALTER TABLE `modulos`
  ADD PRIMARY KEY (`id`),
  ADD UNIQUE KEY `clave` (`clave`);

--
-- Indices de la tabla `motivos_cierre`
--
ALTER TABLE `motivos_cierre`
  ADD PRIMARY KEY (`id`),
  ADD KEY `idx_contexto_estado` (`contexto`,`estado`);

--
-- Indices de la tabla `municipios`
--
ALTER TABLE `municipios`
  ADD PRIMARY KEY (`id`),
  ADD UNIQUE KEY `nombre_municipio` (`nombre_municipio`);

--
-- Indices de la tabla `notificaciones`
--
ALTER TABLE `notificaciones`
  ADD PRIMARY KEY (`id`),
  ADD KEY `fk_notif_ficha` (`ficha_id`),
  ADD KEY `idx_notif_fecha` (`usuario_recibe_id`,`leido`,`fecha_creacion`);

--
-- Indices de la tabla `organismos`
--
ALTER TABLE `organismos`
  ADD PRIMARY KEY (`id`),
  ADD UNIQUE KEY `nombre_organismo` (`nombre_organismo`);

--
-- Indices de la tabla `parroquias`
--
ALTER TABLE `parroquias`
  ADD PRIMARY KEY (`id`),
  ADD KEY `fk_parroquia_municipio` (`municipio_id`);

--
-- Indices de la tabla `permisos`
--
ALTER TABLE `permisos`
  ADD PRIMARY KEY (`id`),
  ADD UNIQUE KEY `uk_modulo_clave` (`modulo_id`,`clave`);

--
-- Indices de la tabla `preguntas_seguridad`
--
ALTER TABLE `preguntas_seguridad`
  ADD PRIMARY KEY (`id`);

--
-- Indices de la tabla `roles`
--
ALTER TABLE `roles`
  ADD PRIMARY KEY (`id`),
  ADD UNIQUE KEY `nombre` (`nombre`);

--
-- Indices de la tabla `rol_permiso`
--
ALTER TABLE `rol_permiso`
  ADD PRIMARY KEY (`rol_id`,`permiso_id`),
  ADD KEY `fk_rp_permiso` (`permiso_id`);

--
-- Indices de la tabla `sectores`
--
ALTER TABLE `sectores`
  ADD PRIMARY KEY (`id`),
  ADD KEY `comuna_id` (`comuna_id`);

--
-- Indices de la tabla `solicitantes`
--
ALTER TABLE `solicitantes`
  ADD PRIMARY KEY (`id`),
  ADD UNIQUE KEY `cedula` (`cedula`);

--
-- Indices de la tabla `tipos_emergencia`
--
ALTER TABLE `tipos_emergencia`
  ADD PRIMARY KEY (`id`),
  ADD UNIQUE KEY `nombre` (`nombre`);

--
-- Indices de la tabla `usuarios`
--
ALTER TABLE `usuarios`
  ADD PRIMARY KEY (`id`),
  ADD UNIQUE KEY `usuario` (`usuario`),
  ADD KEY `fk_usuario_rol` (`rol_id`),
  ADD KEY `fk_usuario_p1` (`pregunta_1_id`),
  ADD KEY `fk_usuario_p2` (`pregunta_2_id`),
  ADD KEY `idx_usuario_estado_rol` (`estado`,`rol_id`),
  ADD KEY `idx_usuario_nombre` (`nombre_completo`);

--
-- AUTO_INCREMENT de las tablas volcadas
--

--
-- AUTO_INCREMENT de la tabla `casos`
--
ALTER TABLE `casos`
  MODIFY `id` int(10) UNSIGNED NOT NULL AUTO_INCREMENT, AUTO_INCREMENT=208;

--
-- AUTO_INCREMENT de la tabla `comunas`
--
ALTER TABLE `comunas`
  MODIFY `id` int(10) UNSIGNED NOT NULL AUTO_INCREMENT, AUTO_INCREMENT=174;

--
-- AUTO_INCREMENT de la tabla `configuracion_sistema`
--
ALTER TABLE `configuracion_sistema`
  MODIFY `id` int(10) UNSIGNED NOT NULL AUTO_INCREMENT, AUTO_INCREMENT=2;

--
-- AUTO_INCREMENT de la tabla `cuadrantes_paz`
--
ALTER TABLE `cuadrantes_paz`
  MODIFY `id` int(10) UNSIGNED NOT NULL AUTO_INCREMENT, AUTO_INCREMENT=174;

--
-- AUTO_INCREMENT de la tabla `despachos_organismos`
--
ALTER TABLE `despachos_organismos`
  MODIFY `id` int(10) UNSIGNED NOT NULL AUTO_INCREMENT, AUTO_INCREMENT=2;

--
-- AUTO_INCREMENT de la tabla `eventos_fichas`
--
ALTER TABLE `eventos_fichas`
  MODIFY `id` bigint(20) UNSIGNED NOT NULL AUTO_INCREMENT, AUTO_INCREMENT=6;

--
-- AUTO_INCREMENT de la tabla `eventos_sistema`
--
ALTER TABLE `eventos_sistema`
  MODIFY `id` bigint(20) UNSIGNED NOT NULL AUTO_INCREMENT, AUTO_INCREMENT=7;

--
-- AUTO_INCREMENT de la tabla `fichas_emergencia`
--
ALTER TABLE `fichas_emergencia`
  MODIFY `id` int(10) UNSIGNED NOT NULL AUTO_INCREMENT, AUTO_INCREMENT=2;

--
-- AUTO_INCREMENT de la tabla `modulos`
--
ALTER TABLE `modulos`
  MODIFY `id` int(10) UNSIGNED NOT NULL AUTO_INCREMENT, AUTO_INCREMENT=7;

--
-- AUTO_INCREMENT de la tabla `motivos_cierre`
--
ALTER TABLE `motivos_cierre`
  MODIFY `id` int(10) UNSIGNED NOT NULL AUTO_INCREMENT;

--
-- AUTO_INCREMENT de la tabla `municipios`
--
ALTER TABLE `municipios`
  MODIFY `id` int(10) UNSIGNED NOT NULL AUTO_INCREMENT, AUTO_INCREMENT=15;

--
-- AUTO_INCREMENT de la tabla `notificaciones`
--
ALTER TABLE `notificaciones`
  MODIFY `id` bigint(20) UNSIGNED NOT NULL AUTO_INCREMENT, AUTO_INCREMENT=24;

--
-- AUTO_INCREMENT de la tabla `organismos`
--
ALTER TABLE `organismos`
  MODIFY `id` int(10) UNSIGNED NOT NULL AUTO_INCREMENT, AUTO_INCREMENT=18;

--
-- AUTO_INCREMENT de la tabla `parroquias`
--
ALTER TABLE `parroquias`
  MODIFY `id` int(10) UNSIGNED NOT NULL AUTO_INCREMENT, AUTO_INCREMENT=37;

--
-- AUTO_INCREMENT de la tabla `permisos`
--
ALTER TABLE `permisos`
  MODIFY `id` int(10) UNSIGNED NOT NULL AUTO_INCREMENT, AUTO_INCREMENT=19;

--
-- AUTO_INCREMENT de la tabla `preguntas_seguridad`
--
ALTER TABLE `preguntas_seguridad`
  MODIFY `id` int(10) UNSIGNED NOT NULL AUTO_INCREMENT, AUTO_INCREMENT=3;

--
-- AUTO_INCREMENT de la tabla `roles`
--
ALTER TABLE `roles`
  MODIFY `id` int(10) UNSIGNED NOT NULL AUTO_INCREMENT, AUTO_INCREMENT=5;

--
-- AUTO_INCREMENT de la tabla `sectores`
--
ALTER TABLE `sectores`
  MODIFY `id` int(10) UNSIGNED NOT NULL AUTO_INCREMENT, AUTO_INCREMENT=2331;

--
-- AUTO_INCREMENT de la tabla `solicitantes`
--
ALTER TABLE `solicitantes`
  MODIFY `id` int(10) UNSIGNED NOT NULL AUTO_INCREMENT, AUTO_INCREMENT=3;

--
-- AUTO_INCREMENT de la tabla `tipos_emergencia`
--
ALTER TABLE `tipos_emergencia`
  MODIFY `id` int(10) UNSIGNED NOT NULL AUTO_INCREMENT, AUTO_INCREMENT=5;

--
-- AUTO_INCREMENT de la tabla `usuarios`
--
ALTER TABLE `usuarios`
  MODIFY `id` int(10) UNSIGNED NOT NULL AUTO_INCREMENT, AUTO_INCREMENT=72;

--
-- Restricciones para tablas volcadas
--

--
-- Filtros para la tabla `casos`
--
ALTER TABLE `casos`
  ADD CONSTRAINT `fk_caso_tipo` FOREIGN KEY (`tipo_emergencia_id`) REFERENCES `tipos_emergencia` (`id`) ON DELETE CASCADE;

--
-- Filtros para la tabla `comunas`
--
ALTER TABLE `comunas`
  ADD CONSTRAINT `comunas_ibfk_1` FOREIGN KEY (`parroquia_id`) REFERENCES `parroquias` (`id`) ON DELETE CASCADE;

--
-- Filtros para la tabla `cuadrantes_paz`
--
ALTER TABLE `cuadrantes_paz`
  ADD CONSTRAINT `cuadrantes_paz_ibfk_1` FOREIGN KEY (`sector_id`) REFERENCES `sectores` (`id`) ON DELETE CASCADE,
  ADD CONSTRAINT `cuadrantes_paz_ibfk_2` FOREIGN KEY (`organismo_id`) REFERENCES `organismos` (`id`) ON DELETE SET NULL;

--
-- Filtros para la tabla `despachos_organismos`
--
ALTER TABLE `despachos_organismos`
  ADD CONSTRAINT `fk_despacho_cuadrante` FOREIGN KEY (`cuadrante_id`) REFERENCES `cuadrantes_paz` (`id`) ON DELETE SET NULL,
  ADD CONSTRAINT `fk_despacho_despachador` FOREIGN KEY (`despachador_id`) REFERENCES `usuarios` (`id`) ON DELETE SET NULL,
  ADD CONSTRAINT `fk_despacho_ficha` FOREIGN KEY (`ficha_id`) REFERENCES `fichas_emergencia` (`id`) ON DELETE CASCADE,
  ADD CONSTRAINT `fk_despacho_organismo` FOREIGN KEY (`organismo_id`) REFERENCES `organismos` (`id`);

--
-- Filtros para la tabla `eventos_fichas`
--
ALTER TABLE `eventos_fichas`
  ADD CONSTRAINT `fk_efich_ficha` FOREIGN KEY (`ficha_id`) REFERENCES `fichas_emergencia` (`id`) ON DELETE CASCADE,
  ADD CONSTRAINT `fk_efich_usuario` FOREIGN KEY (`usuario_id`) REFERENCES `usuarios` (`id`) ON DELETE SET NULL;

--
-- Filtros para la tabla `eventos_sistema`
--
ALTER TABLE `eventos_sistema`
  ADD CONSTRAINT `fk_evsis_usuario` FOREIGN KEY (`usuario_id`) REFERENCES `usuarios` (`id`) ON DELETE SET NULL;

--
-- Filtros para la tabla `fichas_emergencia`
--
ALTER TABLE `fichas_emergencia`
  ADD CONSTRAINT `fk_ficha_caso` FOREIGN KEY (`caso_id`) REFERENCES `casos` (`id`),
  ADD CONSTRAINT `fk_ficha_comuna` FOREIGN KEY (`comuna_id`) REFERENCES `comunas` (`id`) ON DELETE SET NULL,
  ADD CONSTRAINT `fk_ficha_id_owner` FOREIGN KEY (`id_owner`) REFERENCES `usuarios` (`id`) ON DELETE SET NULL,
  ADD CONSTRAINT `fk_ficha_id_user` FOREIGN KEY (`id_user`) REFERENCES `usuarios` (`id`) ON DELETE SET NULL,
  ADD CONSTRAINT `fk_ficha_parroquia` FOREIGN KEY (`parroquia_id`) REFERENCES `parroquias` (`id`),
  ADD CONSTRAINT `fk_ficha_sector` FOREIGN KEY (`sector_id`) REFERENCES `sectores` (`id`) ON DELETE SET NULL,
  ADD CONSTRAINT `fk_ficha_solicitante` FOREIGN KEY (`solicitante_id`) REFERENCES `solicitantes` (`id`);

--
-- Filtros para la tabla `notificaciones`
--
ALTER TABLE `notificaciones`
  ADD CONSTRAINT `fk_notif_ficha` FOREIGN KEY (`ficha_id`) REFERENCES `fichas_emergencia` (`id`) ON DELETE SET NULL,
  ADD CONSTRAINT `fk_notif_usuario` FOREIGN KEY (`usuario_recibe_id`) REFERENCES `usuarios` (`id`) ON DELETE CASCADE;

--
-- Filtros para la tabla `parroquias`
--
ALTER TABLE `parroquias`
  ADD CONSTRAINT `fk_parroquia_municipio` FOREIGN KEY (`municipio_id`) REFERENCES `municipios` (`id`) ON DELETE CASCADE;

--
-- Filtros para la tabla `permisos`
--
ALTER TABLE `permisos`
  ADD CONSTRAINT `fk_permiso_modulo` FOREIGN KEY (`modulo_id`) REFERENCES `modulos` (`id`) ON DELETE CASCADE;

--
-- Filtros para la tabla `rol_permiso`
--
ALTER TABLE `rol_permiso`
  ADD CONSTRAINT `fk_rp_permiso` FOREIGN KEY (`permiso_id`) REFERENCES `permisos` (`id`) ON DELETE CASCADE,
  ADD CONSTRAINT `fk_rp_rol` FOREIGN KEY (`rol_id`) REFERENCES `roles` (`id`) ON DELETE CASCADE;

--
-- Filtros para la tabla `sectores`
--
ALTER TABLE `sectores`
  ADD CONSTRAINT `sectores_ibfk_1` FOREIGN KEY (`comuna_id`) REFERENCES `comunas` (`id`) ON DELETE CASCADE;

--
-- Filtros para la tabla `usuarios`
--
ALTER TABLE `usuarios`
  ADD CONSTRAINT `fk_usuario_pregunta1` FOREIGN KEY (`pregunta_1_id`) REFERENCES `preguntas_seguridad` (`id`) ON DELETE SET NULL,
  ADD CONSTRAINT `fk_usuario_pregunta2` FOREIGN KEY (`pregunta_2_id`) REFERENCES `preguntas_seguridad` (`id`) ON DELETE SET NULL,
  ADD CONSTRAINT `fk_usuario_rol` FOREIGN KEY (`rol_id`) REFERENCES `roles` (`id`);
COMMIT;

/*!40101 SET CHARACTER_SET_CLIENT=@OLD_CHARACTER_SET_CLIENT */;
/*!40101 SET CHARACTER_SET_RESULTS=@OLD_CHARACTER_SET_RESULTS */;
/*!40101 SET COLLATION_CONNECTION=@OLD_COLLATION_CONNECTION */;
